Company,TypeName,Inches,ScreenResolution,Cpu,Ram,Memory,OpSys,Price_euros,prediction
6,3,13.3,2,3,8,2,5,1339.69,1304.0134229133764
6,3,13.3,2,3,8,4,5,898.94,1320.5271741409215
1,1,15.6,1,2,8,1,2,575.0,1103.2367765316887
6,3,11.6,2,3,16,4,5,2537.45,2022.2794603873713
6,3,13.3,2,3,8,1,5,1803.6,1295.7565472996039
5,1,15.6,2,4,4,2,1,400.0,339.1439074838907
6,3,11.6,2,3,16,6,5,2139.97,2038.7932116149163
6,3,13.3,2,3,8,6,5,1158.7,1337.0409253684666
4,3,14.0,1,4,16,4,1,1495.0,1824.3977879329489
5,3,14.0,3,2,8,1,1,770.0,1167.311961374328
1,1,15.6,2,2,4,2,2,393.9,754.5712432611363
1,1,15.6,1,5,4,2,2,344.99,559.4022225679231
6,3,11.6,2,3,16,1,5,2439.97,1997.5088335460537
2,1,15.6,1,5,4,1,1,498.9,436.4918294594439
6,3,12.5,6,3,8,1,5,1262.4,1261.4904714970253
6,3,13.3,2,3,8,1,5,1518.55,1295.7565472996039
2,1,15.6,1,1,8,1,1,745.0,1056.7535930915553
6,3,11.6,2,3,16,4,5,2858.0,2022.2794603873713
3,1,15.6,1,3,8,3,2,499.0,941.9580935890654
2,3,13.3,5,2,8,2,1,979.0,1324.0321430399952
4,1,11.6,2,3,2,4,1,191.9,320.3580795140932
3,2,15.6,3,2,8,5,1,999.0,1125.9368061397006
1,1,15.6,2,3,4,2,2,258.0,686.4009092065637
2,4,13.3,4,2,8,1,1,819.0,1502.9383065431618
1,3,15.6,1,4,8,1,1,659.0,1262.6957562785053
2,1,15.6,2,5,4,3,1,418.64,443.6635992164847
6,3,13.3,2,3,8,4,5,1099.0,1320.5271741409215
2,1,15.6,1,2,8,1,1,800.0,988.5832590369826
2,3,15.6,1,3,8,4,1,1298.0,1300.8256671165975
1,1,17.3,1,2,8,3,1,896.0,1053.3166289035173
1,1,15.6,1,3,4,2,1,244.99,635.9004232401602
4,1,14.0,2,3,2,4,1,199.0,311.0525292757749
1,1,17.3,1,4,4,2,1,439.0,561.1386577667789
2,3,13.3,1,4,16,4,1,1869.0,1936.7340068680544
6,3,13.3,2,3,8,6,5,998.0,1337.0409253684666
3,1,14.0,2,4,4,2,1,249.0,454.96970775836553
5,1,15.6,2,4,4,3,3,367.0,467.08571797147965
2,1,17.3,3,2,8,5,1,979.0,996.335367132255
1,1,15.6,2,2,4,3,1,488.69,702.9856514380008
1,1,15.6,1,2,8,1,1,879.0,1043.3943090947807
4,1,15.6,1,5,4,3,3,389.0,463.06841544520955
2,2,15.6,3,1,16,7,1,1499.0,1960.5927963072575
4,1,15.6,2,2,8,3,3,522.99,1005.8178635522434
5,1,15.6,3,2,4,1,1,682.0,457.88571850875894
2,4,17.3,4,2,12,3,1,999.0,1851.5232347873305
6,3,13.3,2,3,8,1,5,1419.0,1295.7565472996039
3,1,15.6,2,5,4,2,2,369.0,440.43814098182224
4,2,17.3,1,3,8,7,1,1299.0,1031.5617047770754
2,1,15.6,1,2,4,1,1,639.0,641.0028316231618
4,1,17.3,2,4,4,3,1,466.0,395.62040173665264
3,4,11.6,6,3,4,2,2,319.0,1088.3833065454512
5,1,15.6,3,4,8,1,1,841.0,669.1254778134343
1,1,15.6,1,4,4,1,1,398.49,559.4732135718149
1,1,13.3,1,4,8,4,1,1103.0,940.7420868053418
5,1,15.6,2,3,4,3,1,384.0,415.57111715223596
2,1,15.6,1,4,8,1,1,767.8,852.2425909278372
1,1,15.6,1,5,4,2,1,439.0,499.55975513101487
4,1,15.6,2,2,4,1,1,586.19,522.0387500370614
4,2,17.3,1,1,16,4,1,2449.0,1838.2926008725447
4,1,15.6,1,5,4,1,3,415.0,446.55466421766425
2,1,17.3,1,4,16,4,1,1299.0,1565.5826411779879
2,3,14.0,1,2,8,1,1,879.0,1350.429074488731
3,1,14.0,3,4,8,1,2,599.0,844.7937455248173
4,1,14.0,1,2,8,1,1,941.0,885.1648590802652
1,1,15.6,1,2,8,1,1,690.0,1043.3943090947807
4,3,15.6,1,1,16,4,1,1983.0,2022.705089937788
1,1,15.6,2,5,4,2,1,438.69,490.2177736605104
1,1,14.0,2,6,4,2,1,229.0,428.25113976481657
3,1,15.6,1,2,4,3,1,549.0,602.7055327929091
4,2,17.3,1,1,12,3,3,949.0,1602.1402327187673
4,3,14.0,6,2,4,2,4,1089.0,1034.3009175312889
2,3,13.3,3,4,8,1,1,955.0,1198.1185622580863
2,1,15.6,1,4,8,1,1,870.0,852.2425909278372
4,2,17.3,1,2,8,5,1,1095.0,1083.2182876041031
5,1,14.0,2,5,8,3,1,389.0,633.0145766157901
4,2,15.6,1,1,8,3,1,949.0,1141.4663018499396
3,1,15.6,1,2,8,6,2,519.0,1034.8990544849555
2,1,15.6,1,4,8,5,1,855.0,885.2700933829276
5,1,15.6,1,4,4,3,1,530.0,356.7427645681679
1,1,17.3,1,2,8,5,1,977.0,1069.8303801310624
2,3,15.6,3,2,8,1,1,1096.16,1325.541411388843
6,3,12.5,6,3,8,4,5,1510.0,1286.261098338343
1,1,14.0,1,2,8,1,1,860.0,1049.5980092536595
3,1,15.6,1,4,4,2,1,399.0,458.1079890699913
5,1,15.6,2,4,4,3,1,395.0,347.40078309766335
2,2,15.6,3,1,16,5,1,1349.0,1944.0790450797124
1,3,15.6,3,4,8,1,1,699.0,1244.011793337496
1,1,15.6,1,2,8,1,1,598.99,1043.3943090947807
4,2,15.6,3,1,16,5,1,1449.0,1834.4569449641165
2,3,13.3,3,4,8,1,1,1649.0,1198.1185622580863
4,2,15.6,1,3,8,3,1,699.0,1005.1256337407939
5,1,15.6,1,4,8,3,1,689.0,704.3231919819884
1,1,13.3,1,4,16,4,1,1197.0,1635.902941632983
2,2,15.6,1,2,8,1,1,1195.0,1166.4043166834174
4,3,14.0,1,1,8,1,1,1049.0,1308.9773084277078
5,4,13.3,5,2,8,1,1,847.0,1329.1631748992631
2,1,15.6,1,1,8,3,3,599.9,1192.9522791929166
2,1,15.6,1,5,4,1,3,485.0,556.1767643332602
4,1,15.6,1,3,6,1,1,577.0,637.0006111599035
1,2,15.6,3,1,12,5,1,1249.0,1651.3096677236902
1,1,15.6,1,1,8,1,1,719.0,1111.5646431493535
1,1,15.6,1,3,4,2,1,349.0,635.9004232401602
2,1,15.6,1,2,8,3,3,647.0,1124.7819451383439
1,3,13.3,3,1,8,1,1,1119.0,1457.4406144796023
4,3,14.0,6,2,8,1,4,1340.0,1373.6244693313367
1,1,14.0,3,2,6,1,1,659.0,857.12383260574
3,1,15.6,1,5,4,3,1,414.9,398.19453062919126
4,3,14.0,3,1,8,1,1,1193.0,1290.2933454866986
4,2,15.6,1,1,16,7,1,1299.0,1869.6546591326708
3,1,14.0,3,1,8,1,1,1480.0,989.4622802516269
4,3,15.6,1,4,16,7,1,1262.0,1842.9647146153877
2,3,13.3,4,3,8,1,1,1379.0,1256.9469148421545
3,4,13.3,5,2,8,1,1,1399.0,1438.7852750148593
1,1,14.0,3,2,4,2,1,722.0,691.5904945126025
2,3,13.3,3,2,8,1,1,1629.0,1334.4592303672314
1,4,13.3,5,2,8,1,1,1398.99,1548.4073751304554
1,1,14.0,1,4,8,4,1,1084.0,938.0279679858322
2,1,15.6,3,4,8,7,1,1130.33,883.0998816694637
4,1,17.3,1,5,4,3,1,564.0,336.7920491525846
4,1,15.6,1,4,8,1,1,1118.0,742.6204908122413
5,1,15.6,5,3,6,3,1,479.0,561.3353864476326
4,2,15.6,1,1,16,4,1,2241.5,1844.8840322913532
3,1,15.6,1,2,8,1,2,629.0,993.6146764160926
1,1,17.3,1,4,16,4,1,1271.0,1620.393691235786
5,1,15.6,2,4,4,1,1,451.0,330.88703187011816
1,1,15.6,2,6,4,2,2,259.0,481.88990704284583
1,1,14.0,1,2,8,3,1,812.0,1066.1117604812048
4,1,14.0,2,3,4,3,4,277.99,656.1132696796371
2,1,17.3,1,4,16,4,1,1396.0,1565.5826411779879
1,1,17.3,1,2,8,1,1,928.0,1036.802877675972
2,1,15.6,2,2,8,3,1,638.99,995.7550287940232
2,1,15.6,1,5,4,3,1,449.0,453.0055806869892
5,3,14.0,3,4,8,1,1,884.0,1030.9712932651828
5,1,15.6,1,4,4,1,1,572.0,340.2290133406227
1,1,15.6,2,1,8,3,1,598.0,1118.7364129063942
1,1,14.0,1,4,8,1,1,988.0,913.2573411445144
3,1,15.6,2,4,4,3,2,252.36,516.8653506501676
4,2,17.3,1,2,8,5,1,938.0,1083.2182876041031
3,1,15.6,1,2,4,3,2,499.0,662.5480002298171
1,1,13.3,3,2,4,1,1,699.0,686.0477377183394
5,1,17.3,3,4,4,3,1,655.0,331.46737020835013
3,1,14.0,3,2,8,1,1,1116.02,921.2919461970541
3,2,15.6,3,1,8,1,2,869.0,1220.922105176091
1,1,15.6,2,2,4,2,1,602.0,694.7287758242283
1,1,15.6,2,4,4,1,1,369.0,550.1312321013104
4,3,14.0,1,4,8,1,1,1099.0,1104.46630626399
1,3,12.5,4,3,8,4,1,2014.0,1339.6304418207098
4,1,15.6,1,4,4,3,1,344.0,411.55381462596586
4,2,17.3,1,1,16,7,1,2029.0,1863.0632277138623
5,1,15.6,2,5,4,3,1,447.0,279.2304490430907
2,2,15.6,1,1,16,4,1,1249.26,1954.506132406949
2,2,15.6,1,1,8,6,1,899.0,1275.859028806853
3,1,15.6,2,2,4,2,1,498.0,585.1066757086321
4,2,17.3,1,1,16,7,1,1890.0,1863.0632277138623
1,3,14.0,1,3,4,1,1,1082.0,989.4893630781359
1,1,15.6,1,2,6,1,1,619.0,869.6040953878702
3,4,14.0,5,3,4,1,1,629.0,1020.3203947269565
4,4,13.3,4,2,8,1,1,1315.0,1393.316206427566
2,4,15.6,4,4,8,1,1,1049.0,1357.6798194556284
1,1,15.6,2,3,4,2,1,447.0,626.5584417696557
4,1,15.6,2,4,4,3,1,403.0,402.21183315546136
5,1,17.3,3,2,4,1,1,805.0,451.2942870899502
2,1,15.6,1,2,8,1,1,728.0,988.5832590369826
3,2,15.6,3,1,16,1,1,1079.0,1856.240492566824
5,1,15.6,2,4,4,3,1,348.0,347.40078309766335
4,2,15.6,3,1,16,7,1,1799.0,1850.9706961916615
5,1,15.6,2,4,4,3,1,363.51,347.40078309766335
2,2,15.6,1,1,8,5,1,1060.49,1267.6021531930805
5,1,17.3,3,2,8,1,1,854.0,798.8747145037707
1,1,13.3,3,2,4,2,1,754.0,694.3046133321121
1,3,11.6,5,2,8,1,1,1349.0,1377.1777489028293
1,1,17.3,3,2,6,6,1,699.0,885.6130790969153
3,1,15.6,2,3,4,2,2,309.0,576.7788090909676
1,1,15.6,2,3,4,2,1,489.0,626.5584417696557
1,1,17.3,1,2,8,1,1,923.0,1036.802877675972
2,1,15.6,2,3,8,3,1,459.0,927.5846947394507
5,1,15.6,2,5,4,2,1,449.0,270.97357342931804
4,2,17.3,1,3,32,6,1,2799.0,3108.7873936462265
3,1,15.6,1,2,8,5,1,813.0,966.799711434275
1,4,13.3,4,2,8,1,1,1499.0,1557.74935660096
2,1,15.6,1,4,16,4,3,1049.0,1691.8590074706124
2,3,13.3,1,2,8,1,1,1399.0,1353.1431933082406
3,4,11.6,4,4,16,4,1,1849.0,2038.3095014639864
1,1,15.6,2,2,8,2,1,793.0,1042.309203238049
1,1,15.6,3,2,8,1,2,1199.0,1084.5528135906795
2,1,17.3,4,4,16,4,1,1549.0,1537.5566967664743
2,1,15.6,4,1,16,4,1,2397.0,1748.6591303490006
3,2,15.6,3,2,8,1,2,779.0,1152.7517711215182
5,3,13.3,3,3,8,1,1,989.0,1101.855746139265
2,1,17.3,1,4,8,5,1,1085.0,878.6786619641189
3,4,14.0,6,1,16,6,1,2824.0,2231.3447416759223
6,1,14.0,3,4,4,4,1,260.0,297.7083273420122
1,3,13.3,3,2,8,1,2,999.9,1449.1127478619376
3,1,17.3,2,2,8,1,2,698.0,977.6812635267793
2,4,13.3,5,4,8,3,1,839.0,1373.7694081910574
1,1,17.3,3,2,8,3,1,914.0,1034.632665962508
1,2,17.3,4,1,32,6,1,6099.0,3381.5352675172526
1,1,13.3,1,2,8,4,1,959.0,1077.082754914487
1,2,17.3,3,1,16,7,1,1379.0,2008.8124149462471
1,1,17.3,1,4,8,1,1,1045.0,900.4622095668269
2,2,15.6,4,1,16,6,1,1845.0,1942.9939392229805
3,1,15.6,2,2,4,2,1,493.0,585.1066757086321
5,1,15.6,1,1,8,3,1,742.0,908.8341941457065
3,2,15.6,3,1,16,6,1,1749.0,1897.5248706356872
2,5,15.6,4,3,16,7,1,3055.0,2348.3733196669127
3,2,15.6,1,1,16,4,2,1398.0,1959.5375497860593
2,1,15.6,6,3,6,3,1,439.0,716.4265551505222
2,3,13.3,4,4,8,1,1,1949.0,1188.776580787582
2,3,13.3,1,4,8,1,1,1449.0,1216.8025251990953
3,1,15.6,2,2,8,1,1,597.0,924.43022750868
5,1,15.6,1,1,8,3,3,779.0,1028.5191290195226
4,2,17.3,1,1,16,7,1,1407.0,1863.0632277138623
1,1,15.6,1,5,4,2,2,349.0,559.4022225679231
3,1,15.6,1,2,8,1,2,549.0,993.6146764160926
1,3,11.6,5,1,8,4,1,1499.0,1470.11870979872
2,3,13.3,3,4,8,1,1,931.88,1198.1185622580863
3,1,17.3,2,2,8,3,2,589.0,994.1950147543246
1,1,14.0,1,4,8,1,1,1031.0,913.2573411445144
2,3,14.0,1,2,8,1,1,1149.0,1350.429074488731
2,4,13.3,4,4,16,4,1,1279.0,2086.529120102976
2,1,15.6,1,2,8,1,3,677.35,1108.2681939107986
3,4,14.0,3,2,8,1,1,899.0,1454.7551191363586
1,3,13.3,1,1,8,1,1,1363.0,1476.1245774206116
1,1,15.6,1,2,8,3,1,794.0,1059.908060322326
2,2,17.3,3,1,16,7,1,2456.34,1954.001364888449
5,1,15.6,1,1,8,1,1,832.0,892.3204429181612
2,1,15.6,4,1,16,3,1,859.01,1740.402254735228
4,1,15.6,1,2,8,1,1,769.0,878.9611589213864
4,1,17.3,1,2,8,6,1,891.0,913.6541055714408
1,1,15.6,1,1,8,3,1,1269.0,1128.0783943768988
4,1,15.6,2,3,4,3,1,398.99,470.3821672100339
1,1,15.6,2,3,4,2,1,330.0,626.5584417696557
3,2,15.6,3,1,16,7,1,1499.0,1905.7817462494597
2,1,14.0,1,2,8,1,1,859.0,994.7869591958613
5,4,13.3,5,2,8,1,1,689.0,1329.1631748992631
2,1,15.6,1,1,16,1,3,899.0,1871.5993827930126
5,1,15.6,2,5,4,3,3,390.0,398.9153839169069
4,1,15.6,1,3,4,5,1,575.0,496.2378999080835
4,2,17.3,1,1,32,6,1,3890.0,3245.128061755372
5,2,15.6,3,2,8,1,1,846.0,983.2872035690143
3,1,15.6,2,5,8,2,1,589.0,728.1761009587347
4,1,17.3,1,4,8,5,1,1145.0,769.0565618485228
4,1,17.3,1,1,8,5,2,889.0,1033.410031449149
2,2,15.6,1,2,8,1,1,879.0,1166.4043166834174
3,4,11.6,5,1,8,1,1,1079.0,1513.5470404882408
2,1,15.6,1,4,8,4,1,985.0,877.0132177691551
1,1,15.6,6,2,8,3,1,559.0,1013.1981529698035
4,2,17.3,1,1,16,1,1,2999.0,1813.5219740312266
1,1,13.3,3,2,4,2,1,675.0,694.3046133321121
6,3,13.3,2,3,8,4,5,2040.0,1320.5271741409215
2,4,15.6,5,4,8,3,1,819.0,1364.851589212669
4,2,17.3,1,1,16,7,1,1799.0,1863.0632277138623
4,1,15.6,2,4,4,3,1,469.0,402.21183315546136
3,4,11.6,5,4,8,4,1,1849.0,1333.8066651658405
5,1,17.3,3,4,4,1,1,702.0,314.95361898080495
2,3,13.3,1,2,8,1,1,949.0,1353.1431933082406
1,1,15.6,2,3,8,2,1,445.9,974.1388691834763
1,1,17.3,3,4,16,3,1,1059.0,1593.4528526810043
4,2,17.3,1,1,16,6,1,2499.0,1854.8063521000897
3,4,15.6,5,1,8,4,1,1699.0,1522.8084169323615
2,1,17.3,1,4,8,5,1,1142.0,878.6786619641189
3,1,15.6,1,5,4,1,2,444.0,441.5232468385542
1,1,15.6,3,2,4,2,1,722.0,685.3867943537238
2,1,15.6,1,2,4,3,1,657.0,657.5165828507071
2,1,15.6,1,2,8,3,1,565.0,1005.0970102645279
2,4,15.6,4,2,8,1,1,799.0,1494.0204875647735
4,4,13.3,4,4,8,3,1,1499.0,1273.489289545966
3,1,15.6,1,2,4,3,2,467.0,662.5480002298171
1,1,17.3,1,4,8,3,1,1018.0,916.9759607943722
3,1,15.6,1,4,8,1,1,880.0,797.4315408700393
6,3,13.3,2,3,8,4,5,1958.9,1320.5271741409215
4,2,17.3,1,3,16,7,1,1549.0,1726.7225596047167
2,1,15.6,1,4,8,1,3,735.07,971.9275258016535
3,4,14.0,6,2,16,4,1,2499.0,2146.6606563938044
1,1,15.6,2,1,8,2,1,812.0,1110.4795372926217
2,1,15.6,2,1,12,3,1,713.07,1411.5057902624167
2,1,17.3,1,4,8,5,3,1099.0,998.3635968379351
5,1,15.6,3,4,8,3,1,745.0,685.6392290409794
3,1,17.3,2,5,4,3,1,489.0,382.26111773987805
3,1,17.3,1,4,8,6,2,849.0,891.9669549570017
3,1,17.3,2,1,6,5,1,859.0,845.246418892624
2,1,15.6,1,6,4,3,3,428.0,504.5201815062329
3,2,15.6,3,2,8,1,1,829.0,1092.9093036846102
3,1,15.6,1,2,6,1,1,579.0,759.981995272274
5,1,15.6,3,4,8,1,1,951.0,669.1254778134343
5,1,15.6,5,1,12,3,1,659.0,1219.046695677509
3,1,15.6,3,1,8,1,1,1097.0,983.2585800927482
4,3,15.6,1,2,8,1,1,977.0,1234.603274214256
3,2,15.6,3,1,16,7,1,1179.0,1905.7817462494597
3,1,15.6,1,1,8,3,2,659.01,1078.2987616982107
5,1,15.6,2,3,2,2,2,199.0,293.366495268461
4,2,17.3,1,1,8,3,1,1187.0,1134.8748704311308
1,1,17.3,2,5,8,3,1,489.0,839.4636452692948
2,1,15.6,1,1,8,1,1,1829.0,1056.7535930915553
3,1,15.6,1,2,8,1,1,739.0,933.7722089791846
3,2,15.6,3,1,8,3,1,1299.0,1177.5933889667283
5,1,15.6,1,1,8,1,3,979.0,1012.0053777919773
2,5,17.3,1,3,16,1,1,2884.86,2320.266578976982
3,1,15.6,1,3,6,3,1,499.0,708.3254124452468
4,3,15.6,1,1,16,4,1,1468.0,2022.705089937788
4,1,14.0,2,3,4,2,1,509.0,468.3289917551401
4,2,17.3,1,1,16,7,1,2122.0,1863.0632277138623
3,1,17.3,2,2,6,3,1,649.0,760.5623336105061
3,1,15.6,2,2,8,6,2,549.0,1025.557073014451
4,2,15.6,1,1,8,5,1,1265.0,1157.9800530774846
3,1,15.6,2,4,4,3,2,359.99,516.8653506501676
1,4,13.3,4,1,16,1,1,1975.0,2321.0805454831743
1,1,15.6,3,1,8,1,1,1043.0,1092.8806802083443
3,1,15.6,1,2,8,5,1,819.0,966.799711434275
1,1,15.6,1,5,4,3,1,469.0,507.81663074478763
3,1,13.3,3,2,8,1,1,999.0,924.0060650165638
2,3,13.3,4,4,16,6,1,2499.0,1925.2218136840859
4,2,15.6,3,1,16,7,1,2099.0,1850.9706961916615
5,1,15.6,1,3,8,1,1,469.0,755.9797748090158
4,4,11.6,6,4,2,4,1,275.0,748.2829925168071
2,1,15.6,1,2,8,5,1,844.0,1021.6107614920729
1,4,13.3,4,4,16,6,1,2449.0,2157.853921388319
3,1,13.3,2,3,4,6,2,459.9,618.7241305244461
1,1,14.0,1,2,8,1,1,980.0,1049.5980092536595
5,1,11.6,2,4,4,4,1,485.0,371.16690910863304
1,1,14.0,1,1,8,1,1,1292.0,1117.7683433082323
3,1,17.3,2,2,4,3,1,589.0,586.7721199035959
4,1,14.0,1,1,8,1,1,1094.0,953.3351931348382
1,1,15.6,1,4,8,3,1,902.0,923.5673922131809
5,1,15.6,2,3,8,1,1,659.0,746.6377933385113
3,1,14.0,2,4,4,4,1,292.0,471.48345898591083
5,1,15.6,2,2,6,3,1,549.0,657.5316649137188
4,3,15.6,1,1,8,1,1,1049.9,1302.773608268829
1,3,12.5,1,1,8,1,1,1335.0,1479.226427500051
2,1,15.6,4,1,32,6,1,2639.0,3155.494591231828
4,2,17.3,1,1,8,7,1,1199.0,1167.902372886221
1,1,15.6,3,2,8,1,1,943.0,1024.7103461537715
4,1,14.0,1,1,8,7,1,1334.0,1002.8764468174736
3,1,15.6,1,5,4,3,1,449.0,398.19453062919126
4,2,15.6,1,1,8,1,1,999.0,1124.9525506223943
1,1,14.0,1,6,8,1,1,1268.0,776.9166730353691
2,3,15.6,3,2,8,5,1,1049.0,1358.5689138439334
1,1,15.6,1,2,8,1,1,1144.0,1043.3943090947807
4,1,15.6,2,4,4,3,3,274.99,521.8967680292776
2,1,15.6,1,2,8,1,1,1142.75,988.5832590369826
2,1,15.6,2,6,4,2,3,274.9,486.92132442195566
3,1,15.6,1,1,12,6,1,899.0,1390.8073485164407
1,1,15.6,3,3,8,3,1,716.0,973.0537633267443
3,4,11.6,4,4,16,4,1,2099.0,2038.3095014639864
2,3,13.3,1,4,8,1,1,1579.0,1216.8025251990953
3,2,15.6,3,1,16,4,1,1129.0,1881.0111194081421
1,1,14.0,2,6,2,4,1,279.0,270.9746772854513
2,3,15.6,1,3,16,3,1,1607.96,1987.7296463304663
4,4,11.6,6,4,4,4,1,375.0,922.0732062237175
2,3,15.6,1,2,8,3,1,663.0,1360.7391255573975
2,1,15.6,4,1,16,4,1,2027.42,1748.6591303490006
1,1,15.6,1,1,8,1,1,1304.0,1111.5646431493535
4,2,17.3,1,1,8,5,1,1409.0,1151.388621658676
1,5,15.6,1,1,8,1,1,1738.27,1822.848873735093
1,1,15.6,3,1,16,4,1,1403.0,1812.8121618773032
2,1,15.6,1,4,8,4,1,970.9,877.0132177691551
3,1,15.6,2,4,4,3,2,321.99,516.8653506501676
2,2,15.6,1,2,8,3,1,999.0,1182.9180679109627
2,1,15.6,6,2,8,6,1,557.37,983.1577297533229
2,1,14.0,1,6,8,1,1,1427.0,722.1056229775709
1,1,15.6,2,5,4,2,1,439.0,490.2177736605104
4,1,14.0,1,2,8,1,1,945.0,885.1648590802652
3,1,17.3,2,2,6,5,1,719.0,777.0760848380512
1,1,15.6,1,2,8,3,1,639.0,1059.908060322326
3,1,15.6,2,5,8,1,2,499.0,779.7616927818702
1,1,15.6,2,4,8,6,1,389.0,938.9960375839939
2,1,17.3,1,2,8,5,1,1085.0,1015.0193300732642
3,2,15.6,3,2,8,5,2,809.0,1185.7792735766086
2,1,15.6,1,1,8,1,1,899.0,1056.7535930915553
1,3,14.0,3,1,8,1,1,1750.0,1454.7264956600927
4,4,15.6,4,1,12,6,1,1099.0,1841.433526986434
5,1,15.6,2,4,4,2,1,426.0,339.1439074838907
4,2,17.3,3,3,16,7,1,2199.0,1708.0385966637075
3,1,17.3,2,3,4,2,1,489.0,510.34491023525084
2,4,13.3,4,4,8,1,1,869.01,1366.5976384340167
1,1,15.6,1,4,4,1,1,488.99,559.4732135718149
3,1,11.6,3,3,4,2,1,553.0,523.1036105807522
2,1,15.6,2,3,4,2,1,309.0,571.7473917118575
4,1,14.0,2,4,4,4,1,286.0,416.6724089281129
5,1,15.6,1,1,8,3,3,846.0,1028.5191290195226
1,2,17.3,3,1,8,5,1,1191.0,1297.1378088910608
3,1,15.6,1,5,4,2,2,403.5,449.78012245232674
4,2,15.6,3,1,8,5,1,1655.0,1139.2960901364754
3,1,14.0,3,2,8,1,1,1099.0,921.2919461970541
4,3,13.3,4,1,16,4,1,1748.9,2003.5969645046628
3,3,14.0,2,1,8,4,1,2282.0,1379.217003856319
3,1,13.3,3,3,4,2,1,549.0,516.5121791619434
2,5,15.6,1,3,8,2,1,1369.0,1639.9540311819223
2,5,15.6,3,1,8,1,1,2135.0,1749.3538607362857
3,4,14.0,6,1,16,4,1,2509.0,2214.830990448377
4,2,17.3,1,1,8,3,1,1039.0,1134.8748704311308
4,2,17.3,1,1,16,7,1,1591.0,1863.0632277138623
5,1,15.6,3,2,12,3,1,693.99,1169.5603245639452
4,2,17.3,1,1,8,1,1,1349.0,1118.3611192035855
2,1,15.6,1,1,8,1,3,778.87,1176.4385279653713
1,3,15.6,1,4,4,1,1,499.0,915.1153288646846
3,1,15.6,3,4,8,1,1,1229.56,778.7475779290303
3,1,14.0,3,2,8,1,1,938.0,921.2919461970541
2,5,15.6,4,1,8,1,1,2712.0,1740.0118792657813
3,3,14.0,2,1,16,6,1,2625.0,2090.8916099115054
3,1,15.6,2,4,4,3,1,306.0,457.0228832132593
4,2,17.3,1,1,16,7,1,1529.0,1863.0632277138623
3,1,15.6,3,2,8,7,1,1144.5,964.6294997208108
5,1,15.6,1,1,8,1,3,879.0,1012.0053777919773
4,2,17.3,1,1,16,7,1,2249.0,1863.0632277138623
4,3,14.0,1,1,8,4,1,1873.0,1333.7479352690257
1,3,13.3,1,1,16,4,1,1747.0,2196.0560590895707
2,3,14.0,1,1,8,4,1,1680.0,1443.3700353846216
3,1,15.6,1,5,4,2,1,409.0,389.9376550154185
3,1,11.6,2,4,2,4,1,304.45,306.9987955173186
3,5,15.6,1,1,8,4,1,1925.0,1737.9974004608148
3,3,14.0,1,1,8,4,1,1943.0,1388.5589853268236
1,1,15.6,1,5,4,3,1,469.0,507.81663074478763
5,4,13.3,5,1,8,1,1,789.01,1397.333508953836
4,4,13.3,5,2,8,1,1,928.0,1383.9742249570613
2,1,15.6,1,2,4,1,3,598.9,760.6877664969778
2,1,13.3,2,5,4,2,1,689.0,444.32454258110033
1,3,14.0,1,1,8,1,1,1500.0,1473.410458601102
2,1,15.6,2,2,8,3,1,539.95,995.7550287940232
3,3,14.0,3,4,8,1,1,1215.38,1140.593393380779
3,4,15.6,4,1,16,4,1,1899.0,2227.3112532305076
1,1,11.6,1,3,6,2,1,449.0,825.1998873442675
1,1,15.6,1,3,8,1,1,1427.0,975.2239750402082
4,1,15.6,1,3,8,3,3,597.0,946.9895109681754
2,2,17.3,2,1,16,7,1,2799.0,1963.3433463589536
2,2,15.6,3,1,8,5,1,1159.0,1248.9181902520713
2,1,15.6,1,4,8,4,1,1142.4,877.0132177691551
2,3,14.0,1,1,8,1,3,1099.0,1538.2843434171198
1,2,17.3,1,1,12,7,1,1999.0,1679.9159504734355
4,4,11.6,5,4,4,2,1,299.0,914.9014364666768
1,1,11.6,2,6,4,6,2,269.0,530.4266598951331
3,1,13.3,3,1,8,1,1,1010.0,992.1763990711365
3,1,14.0,3,4,4,2,1,599.0,445.62772628786104
3,5,15.6,4,1,16,4,1,2445.0,2405.1323108769425
3,1,15.6,1,3,16,4,1,2449.0,1585.533356593571
4,2,17.3,1,3,8,7,1,1695.0,1031.5617047770754
1,1,15.6,2,6,4,2,1,347.0,422.0474396059376
1,3,11.6,5,3,16,4,2,2199.0,2088.7813639541237
3,3,14.0,2,1,24,4,1,2382.0,2769.538713511602
4,1,15.6,1,2,4,1,3,559.0,651.0656663813819
3,1,17.3,2,4,8,3,1,519.0,798.0118792082712
2,1,15.6,1,2,4,1,1,749.0,641.0028316231618
3,3,12.5,3,2,8,1,1,1429.0,1282.7500303888728
3,1,15.6,1,4,4,2,1,349.0,458.1079890699913
1,2,15.6,3,1,8,5,1,1099.0,1303.7292403098695
2,1,14.0,1,3,8,1,1,1179.0,926.6166251412888
5,1,15.6,2,2,4,2,3,441.8,595.1695104668522
2,5,15.6,1,3,8,3,1,1993.0,1648.2109067956949
4,2,15.6,1,2,8,1,1,1027.74,1056.7822165678213
4,3,14.0,6,3,16,4,4,2589.0,2025.385616945723
1,1,15.6,2,2,8,2,1,589.0,1042.309203238049
2,5,15.6,3,1,16,1,1,1975.0,2444.514715563927
1,5,15.6,3,3,8,4,1,1534.0,1692.5948695262564
3,1,14.0,1,2,8,1,1,1345.0,939.9759091380633
2,1,15.6,1,4,8,5,1,979.0,885.2700933829276
2,4,11.6,6,4,4,2,1,479.0,1015.1815551117686
2,1,17.3,3,3,8,3,1,2046.0,911.6512818501374
4,3,14.0,6,3,4,2,4,989.0,966.130583476716
4,3,14.0,6,3,8,1,4,1799.0,1305.4541352767642
1,1,17.3,2,5,8,1,1,639.9,822.9498940417495
5,1,15.6,1,5,4,3,1,544.0,288.57243051359524
5,1,11.6,2,6,4,2,1,435.0,218.31248977194258
4,1,15.6,1,2,8,3,1,749.0,895.4749101489319
3,1,14.0,3,1,8,4,2,799.0,1074.0753745298528
3,1,15.6,1,3,8,1,1,2090.0,865.6018749246118
4,1,15.6,2,4,4,2,1,304.0,393.9549575416888
5,1,15.6,2,5,4,2,1,469.0,270.97357342931804
2,1,15.6,1,2,8,6,1,759.0,1029.8676371058455
1,2,17.3,3,1,12,3,1,1699.0,1628.2044850773361
3,3,14.0,6,2,12,1,1,1858.0,1596.488544492231
1,4,13.3,4,4,8,4,1,1999.0,1446.1793153331328
1,1,15.6,1,2,8,2,1,1154.0,1051.6511847085535
1,3,11.6,5,3,8,2,2,1275.0,1377.1067578989375
2,3,13.3,4,2,8,1,1,1841.85,1325.117248896727
4,1,15.6,4,1,12,5,1,1299.0,1299.7134784333568
2,1,14.0,2,4,8,2,1,740.0,857.3611852299842
2,5,15.6,1,1,8,1,1,2408.0,1768.037823677295
3,1,14.0,1,2,8,6,1,1364.0,981.2602872069263
2,1,15.6,1,2,8,3,1,675.0,1005.0970102645279
1,1,13.3,3,2,8,1,1,1672.0,1033.62816513216
2,1,15.6,3,4,8,4,1,1262.0,858.3292548281461
2,1,15.6,2,3,4,3,1,586.6,580.00426732563
1,1,13.3,3,2,4,2,1,726.0,694.3046133321121
1,1,15.6,1,3,4,2,1,248.9,635.9004232401602
3,1,15.6,2,6,4,2,1,565.0,312.4253394903415
3,1,14.0,3,2,8,1,1,1049.0,921.2919461970541
2,5,15.6,3,1,16,4,1,2338.0,2469.2853424052446
2,1,15.6,1,1,16,4,1,1899.0,1776.6850747605142
3,3,12.5,3,1,16,4,1,1798.0,2070.851846112405
4,3,12.5,1,1,16,4,1,1950.0,2034.7247589956157
3,1,15.6,3,2,8,1,1,1011.99,915.0882460381754
1,3,13.3,4,1,32,4,1,2799.0,3558.3518243333397
4,2,15.6,1,1,8,5,1,1350.0,1157.9800530774846
5,1,15.6,2,3,8,3,1,579.0,763.1515445660565
4,2,17.3,5,1,24,7,1,1269.0,2520.856156659486
3,3,12.5,3,2,8,6,1,1099.0,1324.0344084577357
3,1,15.6,1,4,8,1,1,898.9,797.4315408700393
1,1,14.0,1,1,8,6,1,1749.0,1159.0527213770952
3,1,13.3,3,3,8,1,1,949.0,855.8357309619912
3,1,15.6,3,2,8,1,1,911.0,915.0882460381754
4,1,11.6,2,4,4,2,4,340.0,588.9916102496102
1,1,15.6,2,2,8,1,1,618.99,1034.0523276242761
3,4,11.6,5,2,8,1,1,1599.0,1445.376706433668
3,1,14.0,2,4,4,2,1,299.0,454.96970775836553
3,1,11.6,2,6,4,2,2,265.0,387.7770573244468
3,1,13.3,1,2,8,1,1,949.0,942.690027957573
4,1,15.6,1,1,8,7,1,1224.0,996.6727466585949
5,1,15.6,3,2,4,3,1,613.0,474.399469736304
1,3,13.3,3,1,8,4,1,1323.0,1482.2112413209202
3,2,15.6,3,1,8,7,2,1149.0,1270.4633588587265
2,3,13.3,5,2,8,2,1,899.0,1324.0321430399952
5,1,15.6,1,1,4,2,1,639.0,552.9968911181132
2,1,15.6,1,2,8,3,1,836.0,1005.0970102645279
2,1,15.6,1,4,16,4,1,1219.24,1572.1740725967963
1,1,15.6,3,4,16,1,2,1399.95,1643.3730003091757
4,1,11.6,2,4,2,4,1,245.0,252.18774545952067
1,1,15.6,6,2,4,3,1,521.47,665.6177255559827
4,2,15.6,1,1,24,4,1,2968.0,2540.0448871189947
1,1,15.6,1,2,8,1,1,889.0,1043.3943090947807
4,2,17.3,1,1,16,7,1,1504.0,1863.0632277138623
3,2,15.6,3,1,8,7,1,1399.0,1210.6208914218184
1,3,13.3,3,1,8,1,1,1399.0,1457.4406144796023
2,1,14.0,1,6,8,1,1,1279.73,722.1056229775709
1,1,15.6,2,5,4,2,1,689.0,490.2177736605104
2,1,17.3,3,2,8,5,3,889.0,1116.020302006071
3,1,14.0,1,2,8,1,4,1340.0,1119.5033114487876
3,1,15.6,1,1,4,3,1,799.0,670.8758668474819
3,1,15.6,2,5,8,6,2,459.0,821.046070850733
2,1,15.6,1,2,4,2,1,585.0,649.2597072369346
2,1,15.6,1,3,8,1,1,1377.0,920.41292498241
2,2,17.3,3,1,16,5,1,3012.77,1937.487613660904
1,1,15.6,3,2,8,2,1,860.0,1032.9672217675443
4,1,15.6,4,1,8,7,1,1299.0,968.6468022470813
4,1,13.3,3,3,4,2,1,369.0,461.70112910414525
4,2,15.6,3,2,8,5,1,1649.0,1071.1257560819026
2,1,15.6,1,1,8,1,1,1369.0,1056.7535930915553
2,1,15.6,1,2,8,1,1,797.41,988.5832590369826
1,1,15.6,1,4,4,1,1,398.99,559.4732135718149
1,2,17.3,1,1,12,3,1,1799.0,1646.8884480183453
3,1,14.0,3,1,8,1,1,859.0,989.4622802516269
2,3,13.3,4,4,8,1,1,1399.0,1188.776580787582
2,1,14.0,1,5,4,2,1,735.87,450.95240523209543
1,3,13.3,5,1,8,1,1,1145.0,1438.7566515385934
5,2,15.6,1,2,8,3,3,798.0,1138.1698526113848
4,1,15.6,2,3,4,2,1,349.0,462.1252915962614
1,1,15.6,1,3,4,2,1,705.5,635.9004232401602
3,1,14.0,1,2,4,2,1,785.0,600.6523573380153
3,1,15.6,1,2,4,3,2,462.35,662.5480002298171
1,1,15.6,1,5,4,2,1,397.0,499.55975513101487
3,1,15.6,3,1,8,4,1,1729.0,1008.029206934066
3,1,15.6,1,5,4,2,1,499.0,389.9376550154185
2,1,15.6,1,2,8,1,1,1116.99,988.5832590369826
2,2,17.3,3,1,16,7,1,2699.0,1954.001364888449
1,1,17.3,2,5,8,3,1,544.15,839.4636452692948
1,1,17.3,1,1,8,3,1,1280.0,1121.48696295809
4,1,15.6,2,4,4,2,3,224.0,513.6398924155051
4,1,13.3,3,3,4,4,1,255.0,478.2148803316903
3,1,17.3,2,1,6,5,1,949.0,845.246418892624
1,1,15.6,3,3,6,2,1,568.9,791.0066740060614
2,1,15.6,2,5,4,3,1,617.9,443.6635992164847
5,4,11.6,5,3,4,4,1,349.0,944.7744716909965
3,1,15.6,1,4,4,2,1,630.0,458.1079890699913
1,3,13.3,6,3,16,4,1,1965.0,2013.0054836279028
3,1,17.3,3,1,8,1,1,2999.0,976.6671486739394
4,1,15.6,1,2,8,5,1,839.0,911.988661376477
2,3,13.3,4,2,8,2,1,1599.0,1333.3741245104998
2,1,15.6,2,6,4,2,1,959.0,367.2363895481394
1,1,15.6,2,2,8,3,1,739.0,1050.5660788518214
3,1,15.6,1,4,4,2,1,344.0,458.1079890699913
3,1,14.0,2,2,4,2,1,990.0,591.3103758675109
1,5,17.3,2,3,8,2,1,1860.99,1678.8316683504072
1,1,14.0,2,4,8,6,1,389.0,945.1997377428727
1,1,15.6,3,3,6,1,1,649.0,782.7497983922887
3,1,15.6,1,2,8,1,1,830.0,933.7722089791846
3,1,15.6,1,2,4,2,1,685.0,594.4486571791366
4,1,14.0,1,3,4,2,1,249.0,477.6709732256446
1,3,14.0,4,1,16,4,1,1865.0,2165.3159958585475
3,2,17.3,3,4,32,7,1,2663.0,3085.0010223222152
4,2,17.3,1,1,16,6,1,2729.0,1854.8063521000897
2,1,15.6,1,1,8,1,3,749.01,1176.4385279653713
4,1,14.0,3,3,4,2,1,389.0,458.98701028463563
2,1,15.6,2,6,8,2,1,1008.52,714.8168169619601
1,1,13.3,1,3,4,2,1,719.0,644.8182422185486
2,1,15.6,1,1,16,1,1,1537.39,1751.9144479191966
2,1,11.6,2,6,4,6,2,295.0,475.6156098373349
4,2,17.3,1,4,16,5,1,2349.0,1642.038474322599
1,2,17.3,3,1,16,7,1,1498.0,2008.8124149462471
3,3,14.0,3,2,12,1,1,1673.0,1624.5144889037444
3,1,15.6,6,4,12,3,1,609.0,1114.8158121588826
4,2,17.3,3,2,8,5,1,1770.0,1064.534324663094
4,4,15.6,6,2,8,3,1,739.0,1382.2281757357139
3,1,15.6,1,1,12,4,1,949.0,1374.2935972888956
2,4,11.6,6,3,4,2,1,603.0,1083.3518891663412
1,1,15.6,1,1,16,5,1,1699.0,1839.753000432085
3,1,17.3,1,5,4,2,2,529.0,443.188691033518
3,1,15.6,2,4,8,3,1,459.0,804.60331062708
3,4,13.3,5,1,8,4,1,2025.0,1531.72623591075
3,1,14.0,3,2,8,1,1,1474.0,921.2919461970541
2,4,12.5,4,2,8,1,1,1670.0,1506.0401566226012
2,5,15.6,4,1,8,1,1,1763.0,1740.0118792657813
1,1,15.6,1,1,8,1,1,1219.0,1111.5646431493535
1,1,15.6,2,3,4,2,1,668.48,626.5584417696557
5,1,14.0,1,3,4,4,1,329.0,439.37367439539173
4,2,17.3,1,4,16,5,1,2199.0,1642.038474322599
2,1,15.6,2,5,4,3,3,465.0,563.348534090301
4,2,15.6,4,1,16,4,1,2299.0,1816.8580878798396
1,1,15.6,3,1,8,1,1,1399.0,1092.8806802083443
3,1,15.6,1,2,6,3,1,564.0,776.4957464998193
3,4,15.6,5,1,8,1,1,1299.0,1498.0377900910437
5,1,14.0,2,4,4,4,1,349.0,361.86135887031475
3,1,15.6,4,3,32,6,1,4899.0,2964.3428730648848
2,2,15.6,1,1,16,3,1,879.01,1946.2492567931765
2,1,15.6,2,6,4,3,3,443.9,495.1782000357284
2,1,15.6,2,6,4,3,3,359.0,495.1782000357284
2,1,15.6,2,6,4,2,3,869.0,486.92132442195566
4,2,17.3,1,1,8,5,1,1168.0,1151.388621658676
2,1,15.6,1,2,4,2,3,569.0,768.9446421107506
1,3,15.6,1,1,8,4,1,1389.0,1491.977385283541
4,2,15.6,1,1,16,7,1,2267.86,1869.6546591326708
5,4,11.6,6,3,4,4,2,379.0,995.2749576574001
1,1,14.0,2,6,8,1,1,1124.0,767.5746915648646
3,1,14.0,1,2,8,1,4,1465.0,1119.5033114487876
2,1,15.6,1,2,4,3,1,776.0,657.5165828507071
1,1,15.6,2,2,8,1,1,799.0,1034.0523276242761
1,1,15.6,2,2,4,2,4,932.0,874.2561781349525
3,1,15.6,1,1,8,3,1,899.0,1018.4562942613027
4,1,14.0,1,3,2,4,1,239.0,320.3945107462794
3,1,15.6,1,2,4,2,2,468.0,654.2911246160446
4,4,13.3,4,2,6,3,1,639.01,1236.0397439482008
2,1,15.6,1,1,8,1,1,1820.0,1056.7535930915553
4,3,14.0,1,1,16,4,1,1900.0,2028.9087900966667
2,2,15.6,1,1,16,7,1,1479.0,1979.2767592482667
3,1,15.6,1,2,4,1,1,829.0,586.1917815653638
3,1,15.6,1,5,4,3,1,579.0,398.19453062919126
4,1,15.6,2,4,8,3,1,399.0,749.792260569282
4,1,15.6,1,2,8,3,1,906.62,895.4749101489319
2,3,13.3,4,2,8,1,1,1869.0,1325.117248896727
3,1,14.0,2,6,2,4,1,249.0,161.35257716985518
3,4,13.3,5,1,8,1,1,1757.42,1506.955609069432
2,1,15.6,4,1,16,6,1,2399.0,1765.1728815765457
3,2,15.6,3,1,8,5,1,1109.0,1194.1071401942734
1,1,17.3,2,4,8,3,1,520.9,907.6339793238676
3,3,14.0,3,1,16,4,1,2450.0,2065.035877213456
4,2,15.6,3,1,8,3,2,1169.0,1182.6248063458384
5,1,15.6,2,5,4,2,1,450.0,270.97357342931804
3,1,14.0,2,6,4,4,1,274.0,335.14279087676556
5,3,14.0,3,2,8,1,1,919.0,1167.311961374328
1,2,14.0,1,1,16,1,1,2599.0,1990.7502557823084
1,1,13.3,1,2,8,1,1,1213.0,1052.312128073169
3,3,12.5,3,1,8,1,1,1584.0,1350.9203644434456
4,2,17.3,3,4,32,4,1,2799.0,3005.4193454231
5,2,15.6,1,2,8,3,3,709.0,1138.1698526113848
2,3,13.3,1,2,8,1,1,1449.9,1353.1431933082406
4,2,15.6,1,1,8,5,1,1191.8,1157.9800530774846
1,1,15.6,2,5,4,2,2,364.9,550.0602410974186
1,1,15.6,3,2,8,2,1,1064.0,1032.9672217675443
2,1,15.6,1,4,8,1,1,919.0,852.2425909278372
2,1,15.6,1,4,16,4,1,1135.0,1572.1740725967963
3,2,15.6,3,1,8,5,1,1196.0,1194.1071401942734
2,2,17.3,4,1,32,6,1,3147.37,3326.7242174594544
2,1,14.0,1,4,8,1,1,1229.0,858.446291086716
3,1,15.6,2,4,4,2,1,419.0,448.7660075994868
3,1,15.6,1,2,4,2,1,535.0,594.4486571791366
1,1,15.6,2,5,6,3,1,539.0,672.2648629811933
4,2,17.3,1,1,8,5,1,1486.77,1151.388621658676
1,1,15.6,2,3,4,2,1,498.0,626.5584417696557
2,1,15.6,1,2,8,3,1,955.0,1005.0970102645279
1,1,15.6,1,1,8,3,1,745.0,1128.0783943768988
1,1,15.6,3,2,8,1,1,1258.0,1024.7103461537715
5,1,15.6,2,5,4,2,3,412.0,390.65850830313434
4,3,14.0,6,1,8,1,4,1867.85,1441.7948033859095
3,1,15.6,1,2,8,5,1,817.95,966.799711434275
3,4,13.3,5,2,8,1,1,1034.0,1438.7852750148593
3,1,15.6,2,3,4,2,1,349.0,516.9363416540596
1,4,14.0,5,3,4,2,1,699.0,1138.1993704563254
4,2,15.6,1,1,16,7,1,1294.0,1869.6546591326708
4,3,14.0,1,2,8,1,1,1135.0,1240.8069743731348
1,4,11.6,6,4,8,2,2,495.0,1477.4155000202954
1,3,15.6,3,4,8,4,1,2299.0,1268.782420178814
5,2,15.6,1,2,16,1,1,1299.0,1697.1320213376646
4,2,15.6,1,2,8,1,1,997.9,1056.7822165678213
4,1,15.6,2,4,4,2,1,419.0,393.9549575416888
2,2,15.6,1,2,16,5,1,2051.0,1894.5926739661488
1,1,17.3,3,5,4,1,1,699.0,466.0274851574244
3,4,13.3,5,4,8,4,1,1499.0,1327.2152337470318
2,2,15.6,1,1,16,7,1,2813.75,1979.2767592482667
1,1,15.6,2,2,4,2,1,612.61,694.7287758242283
2,1,15.6,2,5,4,3,1,545.67,443.6635992164847
1,1,17.3,3,3,6,6,1,569.0,817.4427450423428
3,1,15.6,2,3,4,2,1,318.0,516.9363416540596
5,1,14.0,2,3,4,4,2,375.0,489.8741603617955
3,1,14.0,1,2,4,1,1,699.0,592.3954817242426
1,5,17.3,1,1,8,2,1,1907.99,1824.5143179300571
3,4,14.0,6,1,8,1,1,2590.0,1494.899508779418
1,1,13.3,3,2,8,1,1,973.0,1033.62816513216
5,1,11.6,2,4,4,4,1,269.0,371.16690910863304
3,4,14.0,4,1,16,4,1,1749.0,2233.5149533893864
4,4,12.5,4,3,4,2,2,669.0,1048.7666380892929
1,3,13.3,4,1,16,4,1,1877.0,2168.030114678057
1,1,15.6,3,1,4,2,1,689.0,753.5571284082965
2,2,15.6,1,2,8,3,1,819.0,1182.9180679109627
3,1,15.6,1,3,4,1,1,399.0,518.0214475107913
3,1,15.6,2,1,8,3,1,429.0,1009.1143127907981
3,1,15.6,1,2,4,4,1,621.45,610.9624084066817
3,1,15.6,2,5,4,2,2,450.0,440.43814098182224
2,1,15.6,1,2,8,1,1,795.0,988.5832590369826
5,4,13.3,5,2,8,1,1,999.0,1329.1631748992631
3,5,15.6,1,1,16,4,4,1855.0,2612.68565759918
3,1,14.0,1,3,8,1,1,1191.0,871.8055750834906
1,1,17.3,3,3,6,6,1,655.01,817.4427450423428
3,2,15.6,3,1,8,5,1,1249.0,1194.1071401942734
2,1,14.0,1,3,8,1,3,1089.0,1046.3015600151048
2,1,15.6,1,2,8,3,3,726.0,1124.7819451383439
4,1,14.0,1,4,4,4,1,298.0,426.01439039861737
2,1,15.6,1,6,16,4,1,1426.66,1435.8334044876513
3,1,14.0,3,2,8,1,1,857.07,921.2919461970541
2,1,15.6,1,6,8,1,1,1179.0,715.901922818692
3,1,15.6,2,3,4,2,1,298.0,516.9363416540596
4,1,14.0,1,3,4,3,1,265.0,485.92784883941715
1,1,17.3,1,1,8,1,1,1200.0,1104.9732117305448
3,3,14.0,6,1,8,4,1,1686.64,1341.849077974301
1,4,13.3,6,2,8,1,1,836.6,1539.065393659951
3,3,14.0,3,2,8,1,1,1499.0,1276.9340614899238
2,2,17.3,4,1,32,6,1,3659.4,3326.7242174594544
4,2,17.3,1,1,8,5,1,1348.48,1151.388621658676
3,1,15.6,2,2,4,3,2,489.9,653.2060187593127
2,1,15.6,1,2,8,5,1,719.0,1021.6107614920729
2,4,13.3,4,3,4,3,1,649.0,1103.701296302314
2,1,15.6,2,2,8,3,3,589.52,1115.4399636678393
1,1,15.6,1,4,4,3,1,489.0,575.9869647993602
5,2,17.3,3,1,16,5,1,1935.0,1773.0544634875098
2,1,15.6,2,2,12,3,1,649.0,1343.335456207844
1,1,15.6,1,3,6,5,1,650.0,834.461263788388
5,1,15.6,2,2,4,2,1,559.0,475.48457559303597
3,1,13.3,3,2,8,1,1,960.0,924.0060650165638
3,1,15.6,1,1,4,3,1,779.0,670.8758668474819
1,5,15.6,1,1,16,1,1,2419.0,2518.0097285627344
2,4,13.3,4,2,8,3,1,659.0,1519.4520577707071
4,2,15.6,1,1,16,7,1,2094.48,1869.6546591326708
5,1,15.6,2,5,4,2,1,410.8,270.97357342931804
2,1,15.6,1,1,8,5,1,1207.0,1089.7810955466457
2,1,15.6,2,5,8,1,1,665.0,774.7302754027601
1,1,14.0,5,2,8,1,1,1535.0,1012.2300833716413
3,4,14.0,4,2,8,1,1,999.0,1445.4131376658543
3,5,15.6,4,1,16,6,1,3299.0,2421.6460621044876
5,1,14.0,2,6,2,4,2,330.0,111.57294449116728
1,3,13.3,1,1,16,1,1,1649.0,2171.285432248253
1,1,15.6,1,5,8,1,1,539.0,838.8833069310627
2,1,14.0,2,2,8,1,1,1126.71,985.4449777253567
1,5,17.3,3,3,16,1,4,4389.0,2535.921068404495
3,1,11.6,6,6,4,2,1,475.0,290.5666640055205
1,1,15.6,1,4,8,1,1,1900.0,907.0536409856356
4,1,15.6,2,3,4,3,2,579.0,530.2246346469421
3,3,14.0,1,2,4,6,1,1096.0,989.3219750859752
4,1,15.6,2,1,4,1,1,849.9,590.2090840916342
3,4,13.3,6,3,8,1,1,1199.0,1361.2729594897821
1,1,15.6,3,2,8,5,1,1099.0,1057.737848608862
1,5,15.6,1,1,8,1,4,1561.0,2002.3762760458171
2,2,15.6,4,1,16,7,1,2868.99,1951.250814836753
5,1,15.6,2,2,4,1,1,599.0,467.22769997926343
3,2,15.6,3,1,8,5,1,1048.0,1194.1071401942734
2,3,12.5,1,1,16,1,1,1859.0,2119.5762322698943
1,3,11.6,5,3,8,1,2,1559.0,1368.8498822851648
4,3,13.3,5,2,8,1,1,1129.0,1206.1531673106265
2,1,13.3,2,5,4,2,1,849.0,444.32454258110033
5,1,13.3,2,2,4,2,1,655.0,484.40239457142434
4,1,17.3,2,4,4,3,1,470.34,395.62040173665264
2,2,15.6,5,1,16,5,1,1099.0,1925.3950821387034
1,3,13.3,4,1,8,1,1,1599.0,1448.098633009098
5,1,15.6,2,4,4,3,3,298.0,467.08571797147965
2,1,15.6,1,1,16,1,1,1181.27,1751.9144479191966
1,4,14.0,4,1,16,1,1,1799.0,2318.3664266636647
1,1,14.0,3,2,4,2,1,1020.0,691.5904945126025
2,2,15.6,1,1,8,3,1,1099.0,1251.0884019655355
1,3,12.5,2,2,4,1,1,1244.0,1054.133684561153
4,4,15.6,4,1,12,6,1,839.0,1841.433526986434
3,1,15.6,4,1,16,4,4,2370.0,1873.375482601927
5,1,14.0,3,3,4,2,1,636.0,404.1759602268377
1,2,14.0,1,1,16,4,1,2899.0,2015.520882623626
4,1,15.6,2,3,8,2,1,581.9,809.7057190100819
2,2,17.3,3,1,32,6,1,3588.8,3336.066198929959
4,2,17.3,3,1,16,7,1,2350.0,1844.379264772853
1,3,14.0,3,2,16,4,1,1764.0,2106.487643274479
3,1,15.6,2,3,8,3,2,329.0,932.6161121185607
3,3,14.0,1,1,16,4,1,2299.0,2083.719840154465
4,2,14.0,3,1,16,7,1,1891.0,1857.1743963505403
4,2,15.6,1,2,8,5,1,1089.0,1089.8097190229118
3,2,15.6,3,1,4,3,1,999.0,830.0129615529078
5,2,17.3,3,1,16,7,1,2299.0,1789.5682147150549
2,2,15.6,1,2,8,1,1,985.0,1166.4043166834174
4,2,15.6,1,1,8,5,1,1339.0,1157.9800530774846
6,1,14.0,2,4,4,4,1,202.9,307.0503088125167
3,4,13.3,5,1,8,4,1,1970.0,1531.72623591075
3,4,15.6,4,2,8,1,1,959.0,1439.2094375069755
6,3,12.5,6,3,8,6,5,1165.0,1302.774849565888
3,4,14.0,6,2,8,1,1,2330.0,1426.7291747248453
4,1,14.0,2,4,4,4,1,299.0,416.6724089281129
2,1,15.6,2,2,8,2,1,810.0,987.4981531802507
3,4,11.6,5,1,8,1,1,1349.0,1513.5470404882408
2,1,15.6,1,5,8,1,1,739.0,784.0722568732646
1,5,15.6,1,1,8,1,1,2064.9,1822.848873735093
4,1,15.6,1,2,8,1,1,1099.0,878.9611589213864
2,3,13.3,1,2,8,1,1,1499.0,1353.1431933082406
2,1,15.6,4,2,8,1,1,1749.0,960.557314625469
2,1,11.6,2,4,4,2,1,744.0,519.0863080544821
1,1,12.5,2,6,8,1,1,1389.0,773.3906604638134
1,1,15.6,2,2,4,2,1,780.0,694.7287758242283
1,1,15.6,2,3,8,6,1,629.0,1007.1663716385665
2,2,15.6,4,1,16,4,1,1679.0,1926.4801879954355
3,1,15.6,1,2,4,3,1,609.0,602.7055327929091
1,2,17.3,3,1,12,3,1,1749.0,1628.2044850773361
4,2,17.3,1,1,16,6,1,2415.0,1854.8063521000897
1,3,13.3,1,2,8,1,1,1499.0,1407.9542433660388
2,1,15.6,1,1,8,3,1,961.0,1073.2673443191006
2,1,15.6,1,2,8,1,1,789.81,988.5832590369826
3,3,14.0,1,1,8,1,1,1859.0,1363.7883584855058
1,3,12.5,4,3,16,4,1,1799.0,2034.7912966483511
1,1,11.6,2,6,4,6,2,385.0,530.4266598951331
2,2,17.3,3,1,16,5,1,2505.02,1937.487613660904
2,1,14.0,2,2,4,2,1,755.0,646.1214259253088
3,1,15.6,2,5,4,2,1,489.9,380.595673544914
1,3,14.0,2,2,4,2,1,1090.0,1056.5745912759767
3,3,14.0,3,1,8,4,1,2499.0,1369.8750223858144
4,2,15.6,1,2,8,1,1,1199.0,1056.7822165678213
3,3,14.0,3,2,8,6,1,1875.0,1318.2184395587867
1,1,14.0,2,3,4,2,1,499.0,632.7621419285344
4,4,13.3,1,2,8,1,1,1358.0,1421.3421508390793
2,1,14.0,2,5,4,2,1,585.0,441.61042376159094
5,1,11.6,3,6,4,4,2,355.0,285.3267269658914
5,1,14.0,3,3,8,2,1,619.0,751.7563876406582
1,2,17.3,4,1,32,4,1,5499.0,3365.0215162897075
3,3,14.0,6,2,16,4,1,2099.0,1968.8395987473696
4,1,15.6,1,2,4,3,3,519.0,667.5794176089272
3,1,14.0,1,2,8,1,1,1186.0,939.9759091380633
3,1,14.0,3,6,8,1,1,1650.0,648.6106099787639
2,2,15.6,1,1,16,7,1,2774.63,1979.2767592482667
4,2,17.3,1,1,16,7,1,2419.0,1863.0632277138623
1,1,15.6,2,3,4,2,1,669.0,626.5584417696557
3,1,14.0,2,3,4,6,2,325.0,616.0100117049365
4,1,15.6,1,2,8,6,1,590.0,920.2455369902495
4,2,17.3,1,1,16,6,1,1799.0,1854.8063521000897
2,2,17.3,3,1,32,6,1,3072.89,3336.066198929959
1,1,17.3,2,2,8,3,1,910.0,1043.9746474330127
2,1,15.6,2,2,8,2,1,713.99,987.4981531802507
1,3,14.0,1,1,8,4,4,1870.0,1677.708487753144
2,1,15.6,1,1,4,1,1,739.0,709.1731656777346
1,4,11.6,6,4,4,4,2,615.0,1146.3488238340199
4,3,13.3,3,2,8,4,1,1026.0,1249.6077570929533
1,4,13.3,4,2,8,1,1,2277.0,1557.74935660096
1,3,14.0,1,1,8,4,1,1468.0,1498.1810854424198
1,1,15.6,2,6,4,2,2,299.0,481.88990704284583
4,2,15.6,1,1,16,5,1,1899.0,1853.1409079051257
2,1,17.3,1,1,8,3,3,865.0,1186.360847774108
3,3,14.0,3,1,8,1,1,1903.0,1345.1043955444966
4,1,15.6,3,1,8,1,1,787.0,928.4475300349502
2,1,15.6,1,2,8,2,1,945.0,996.8401346507553
4,1,15.6,2,4,4,3,1,449.0,402.21183315546136
1,4,13.3,4,1,8,1,1,2559.0,1625.9196906555328
2,1,13.3,4,2,8,3,1,649.0,985.9888848314026
3,1,15.6,1,6,4,3,2,469.0,389.8666640115267
3,1,15.6,3,2,8,3,1,850.66,931.6019972657207
1,1,15.6,1,6,8,1,1,1349.0,770.7129728764902
1,1,13.3,1,2,4,2,1,1285.0,712.9885762731211
3,2,15.6,3,2,8,3,2,1017.0,1169.2655223490635
2,3,13.3,4,3,16,4,1,2240.0,1976.8783965111136
1,1,15.6,1,2,4,2,1,910.0,704.0707572947327
1,3,13.3,2,2,8,1,1,1095.0,1398.6122618955342
3,4,13.3,5,1,8,1,1,1950.0,1506.955609069432
5,1,14.0,3,2,8,1,1,902.0,811.6698460814581
2,5,15.6,1,1,8,3,1,1778.0,1784.55157490484
3,1,15.6,2,2,4,2,1,1055.0,585.1066757086321
3,1,15.6,1,5,4,3,2,479.0,458.0369980660993
1,1,15.6,3,1,8,1,1,1388.0,1092.8806802083443
3,1,13.3,3,3,4,6,1,735.0,549.5396816170336
1,3,14.0,1,1,16,1,1,1849.0,2168.5713134287435
2,3,12.5,1,1,8,1,1,1690.0,1424.4153774422527
4,1,15.6,2,4,4,3,3,398.99,521.8967680292776
1,3,13.3,3,2,8,1,1,935.0,1389.2702804250296
2,1,15.6,1,2,4,5,1,912.5,674.0303340782522
1,1,15.6,1,2,4,1,1,839.0,695.81388168096
1,4,13.3,4,2,4,1,1,1700.0,1210.1689291871394
1,4,15.6,6,2,4,2,1,684.8,1190.8240228815148
4,1,14.0,2,4,4,4,1,348.0,416.6724089281129
3,1,15.6,3,1,8,3,1,669.0,999.7723313202935
2,1,15.6,2,4,4,2,1,369.0,503.57705765728497
1,4,13.3,4,2,4,1,1,1799.0,1210.1689291871394
2,1,15.6,2,6,4,3,3,455.7,495.1782000357284
4,2,17.3,1,2,12,5,1,1369.9,1430.7987150179235
5,1,11.6,3,6,4,4,2,297.0,285.3267269658914
3,1,17.3,2,3,4,2,1,379.0,510.34491023525084
1,1,14.0,1,2,4,2,1,1265.0,710.2744574536115
1,4,13.3,4,1,16,1,1,1399.0,2321.0805454831743
1,3,14.0,1,1,8,1,1,1699.0,1473.410458601102
3,3,14.0,3,2,8,1,1,1799.0,1276.9340614899238
4,2,17.3,4,1,16,6,1,2649.0,1826.7804076885761
1,1,13.3,1,2,8,1,1,1475.0,1052.312128073169
2,2,15.6,1,1,8,3,3,929.0,1370.7733368393515
1,1,15.6,1,1,8,3,1,900.0,1128.0783943768988
2,1,15.6,2,6,4,3,1,614.0,375.4932651619122
2,1,15.6,1,6,8,2,1,935.0,724.1587984324646
2,4,13.3,4,3,8,4,1,2013.1,1459.5385993299071
4,2,17.3,3,4,32,4,1,1279.0,3005.4193454231
2,4,13.3,4,3,16,1,1,1649.0,2129.9288273162306
3,3,14.0,3,1,8,6,1,2049.0,1386.3887736133595
3,1,15.6,3,2,8,4,1,1962.99,939.8588728794932
1,3,15.6,5,1,16,4,1,2099.0,2149.770314229164
1,1,12.5,1,1,8,4,1,1483.0,1148.354939048499
5,1,15.6,3,3,4,6,2,359.0,490.8422299599571
3,1,15.6,3,3,8,5,1,789.0,879.9454144386932
1,3,14.0,5,1,8,4,1,1899.0,1460.8131595604016
2,1,14.0,1,3,8,1,1,1205.0,926.6166251412888
1,3,12.5,4,3,8,6,1,3100.0,1356.144193048255
3,1,15.6,1,1,6,1,1,789.0,828.1523293268468
1,1,15.6,1,1,8,1,1,1018.99,1111.5646431493535
5,1,15.6,1,3,4,3,1,499.0,424.91309862274045
3,1,13.3,1,2,4,2,1,881.0,603.366476157525
1,1,13.3,1,2,8,1,1,960.0,1052.312128073169
4,2,17.3,1,1,16,7,1,1599.0,1863.0632277138623
2,2,15.6,1,1,16,5,1,1349.0,1962.7630080207216
4,2,15.6,1,2,8,5,1,1119.91,1089.8097190229118
2,1,15.6,2,2,4,3,1,684.99,648.1746013802026
1,3,15.6,1,1,8,1,1,1296.99,1467.2067584422232
1,3,13.3,4,1,8,1,1,1149.0,1448.098633009098
1,1,15.6,3,2,16,1,1,1975.0,1719.8712009814128
3,4,13.3,5,2,8,4,1,1825.0,1463.5559018561771
2,1,15.6,2,2,4,2,1,729.9,639.9177257664301
3,3,12.5,3,1,8,1,1,1650.0,1350.9203644434456
1,1,15.6,1,2,8,1,1,1165.0,1043.3943090947807
2,1,15.6,2,2,4,3,1,708.06,648.1746013802026
1,1,14.0,2,2,4,2,1,1149.0,700.932475983107
3,1,15.6,2,4,4,3,1,309.0,457.0228832132593
1,3,12.5,1,2,4,2,1,1579.0,1071.7325416454303
1,1,15.6,2,6,4,3,2,288.9,490.14678265661837
3,4,13.3,6,3,16,6,1,1799.0,2097.7181923862863
1,1,14.0,3,2,4,2,1,1105.0,691.5904945126025
1,1,12.5,1,2,8,1,1,1669.0,1055.4139781526085
2,1,15.6,2,6,4,3,1,558.6,375.4932651619122
4,2,15.6,1,1,8,5,1,1199.0,1157.9800530774846
2,3,14.0,1,2,8,1,1,1639.0,1350.429074488731
2,2,17.3,2,4,16,6,1,2758.0,1750.5754685814632
1,2,17.3,3,3,8,5,1,1399.0,1160.7971407819155
4,1,17.3,2,4,4,3,1,530.0,395.62040173665264
5,1,15.6,2,2,4,2,1,619.0,475.48457559303597
1,1,15.6,2,2,8,1,1,1119.0,1034.0523276242761
3,4,11.6,5,3,8,1,1,1299.0,1377.2063723790955
3,2,15.6,3,3,16,6,1,999.0,1761.1842025265416
2,3,12.5,4,2,8,1,1,1472.2,1328.2190989761664
3,1,15.6,1,1,8,3,2,685.0,1078.2987616982107
2,1,17.3,2,6,4,3,1,659.0,368.90183374310345
5,1,14.0,2,6,4,4,2,349.0,285.36315819807766
1,5,15.6,3,1,8,3,1,2249.0,1820.678662021629
2,3,14.0,1,1,8,1,1,1775.0,1418.5994085433038
1,1,13.3,1,2,8,1,4,1460.0,1231.8395303838934
4,4,12.5,1,3,8,2,2,1159.0,1424.3730099146271
3,3,14.0,3,2,8,1,1,1488.99,1276.9340614899238
2,2,17.3,4,1,16,6,1,3154.0,1936.402507804172
2,4,13.3,4,3,8,1,1,1899.0,1434.7679724885893
1,4,11.6,6,4,4,1,1,775.0,1061.735729555794
2,3,13.3,5,1,8,1,1,1268.0,1383.9456014807952
5,4,11.6,6,6,4,4,2,389.0,790.7639554936824
1,1,13.3,1,4,8,1,1,1535.0,915.971459964024
3,3,12.5,3,6,8,1,1,1760.0,1010.0686941705825
5,1,15.6,1,2,12,5,1,1009.0,1204.7580387324995
1,3,12.5,4,1,8,4,1,1790.0,1475.9711099298552
1,1,15.6,2,3,8,3,1,846.5,982.3957447972489
2,1,15.6,2,6,4,3,3,465.62,495.1782000357284
2,1,15.6,2,2,4,2,1,825.0,639.9177257664301
1,1,15.6,1,3,4,2,1,685.0,635.9004232401602
2,2,17.3,3,1,32,7,1,3149.0,3344.3230745437313
3,1,15.6,1,2,6,1,1,695.0,759.981995272274
2,4,13.3,4,3,16,4,1,1899.0,2154.6994541575486
2,3,14.0,6,2,8,1,1,1962.98,1303.7191671362084
2,2,17.3,1,1,32,7,1,2800.0,3363.0070374847405
1,1,14.0,1,2,8,1,1,1180.0,1049.5980092536595
4,2,17.3,1,1,16,7,1,2049.9,1863.0632277138623
1,1,15.6,3,3,8,5,1,979.0,989.5675145542893
3,1,14.0,2,2,4,3,4,1002.0,779.0946537920076
4,4,15.6,4,1,16,6,1,1799.0,2189.0139544002545
1,1,15.6,2,1,6,3,1,579.0,944.9461991994838
4,2,17.3,1,1,16,7,1,1749.0,1863.0632277138623
2,4,15.6,5,1,12,4,1,1299.0,1925.1998944039801
1,1,13.3,1,2,4,2,4,1195.0,892.5159785838455
3,1,15.6,1,1,6,1,1,549.0,828.1523293268468
1,1,15.6,2,2,4,1,1,649.0,686.4719002104555
1,1,14.0,2,2,4,2,1,915.0,700.932475983107
2,1,15.6,2,2,4,2,1,599.0,639.9177257664301
1,1,15.6,1,2,8,3,1,806.0,1059.908060322326
3,2,15.6,3,1,8,5,1,1189.0,1194.1071401942734
2,1,15.6,2,1,8,3,1,749.0,1063.925362848596
2,1,14.0,1,2,8,2,1,1119.0,1003.0438348096341
1,1,12.5,1,3,8,4,1,1908.0,1012.0142709393538
1,1,15.6,1,5,4,5,1,499.0,524.3303819723327
3,1,15.6,2,4,4,2,2,270.62,508.6084750363948
3,1,15.6,1,2,8,1,1,1349.0,933.7722089791846
2,4,13.3,4,2,8,1,1,889.0,1502.9383065431618
4,1,13.3,5,2,8,1,1,1150.0,850.5110520177567
1,3,13.3,5,1,8,1,1,1349.0,1438.7566515385934
5,1,15.6,2,4,4,2,1,380.0,339.1439074838907
4,2,15.6,1,1,16,7,1,1799.0,1869.6546591326708
1,3,14.0,1,1,8,4,1,2089.0,1498.1810854424198
5,2,15.6,3,1,8,5,1,1260.0,1084.4850400786772
1,1,13.3,3,2,8,1,1,1189.0,1033.62816513216
2,1,15.6,2,3,4,2,1,547.0,571.7473917118575
1,1,14.0,2,2,4,2,1,779.0,700.932475983107
1,1,13.3,1,2,4,2,1,1195.0,712.9885762731211
1,1,14.0,2,4,4,1,1,1099.99,556.3349322601891
1,1,14.0,1,2,4,1,1,1205.0,702.0175818398387
1,3,14.0,1,2,8,1,4,1449.0,1584.7675268572534
1,1,14.0,1,2,8,1,1,1049.26,1049.5980092536595
1,1,14.0,2,3,4,2,1,684.0,632.7621419285344
2,2,15.6,1,2,8,6,1,949.0,1207.6886947522803
1,3,12.5,1,2,4,2,1,1539.0,1071.7325416454303
1,1,14.0,1,2,4,1,1,1590.0,702.0175818398387
1,3,14.0,1,1,8,1,1,1887.21,1473.410458601102
1,1,13.3,2,3,4,2,1,800.0,635.4762607480441
1,1,13.3,2,2,8,1,1,1210.0,1042.9701466026645
1,1,15.6,2,3,4,1,1,769.99,618.3015661558829
3,1,17.3,4,1,16,4,4,2968.0,1866.7840511831184
1,1,14.0,3,2,8,1,1,1490.0,1030.9140463126503
1,1,14.0,1,1,8,1,1,2229.0,1117.7683433082323
2,4,15.6,5,4,4,3,1,795.99,1017.2711617988484
1,3,13.3,1,2,8,1,1,1590.0,1407.9542433660388
1,1,13.3,3,2,8,1,1,1149.0,1033.62816513216
1,1,14.0,1,1,8,1,1,1185.43,1117.7683433082323
2,1,15.6,1,4,8,2,1,1046.44,860.49946654161
1,3,12.5,2,2,4,1,1,1559.0,1054.133684561153
1,1,14.0,2,2,4,2,1,1189.0,700.932475983107
1,1,14.0,2,2,4,2,1,1060.0,700.932475983107
2,3,13.3,4,2,8,1,1,1624.0,1325.117248896727
1,1,17.3,1,2,8,1,1,1080.0,1036.802877675972
1,1,14.0,2,2,4,1,1,973.0,692.6756003693342
5,1,15.6,2,4,6,3,1,409.0,521.1909968045736
4,2,17.3,1,1,8,5,1,1191.8,1151.388621658676
1,1,14.0,1,2,8,1,4,1195.0,1229.1254115643837
1,1,15.6,1,1,8,1,1,1228.99,1111.5646431493535
1,3,12.5,1,1,8,1,1,1349.0,1479.226427500051
1,1,15.6,2,2,4,2,1,742.0,694.7287758242283
1,3,14.0,3,2,8,1,1,1725.0,1386.55616160552
2,1,15.6,1,4,8,1,4,1062.95,1031.7699932385617
1,1,14.0,1,2,8,1,1,1010.51,1049.5980092536595
3,4,15.6,5,1,4,1,1,847.0,1150.457362677223
6,1,14.0,2,3,2,4,1,210.8,201.43042916017885
1,1,15.6,3,1,16,1,1,1425.0,1788.0415350359856
3,1,15.6,1,2,8,1,1,1049.6,933.7722089791846
1,1,14.0,1,2,4,2,1,1000.0,710.2744574536115
1,1,15.6,1,4,8,6,1,2103.34,948.3380190544985
1,1,14.0,1,2,8,1,4,1469.0,1229.1254115643837
4,2,17.3,3,4,16,7,1,1545.64,1639.8682626091352
3,2,17.3,3,1,16,5,1,2289.99,1882.6765636031057
4,1,11.6,2,6,4,6,2,287.9,365.9935097217391
3,1,14.0,2,2,16,1,4,2620.0,1805.3221848059243
1,1,15.6,3,1,8,3,1,979.0,1109.3944314358896
2,4,15.6,5,3,8,1,1,1094.0,1416.5081720396963
1,1,15.6,2,2,4,1,1,979.0,686.4719002104555
2,3,13.3,4,1,16,6,1,2254.0,2129.732815847804
1,1,15.6,2,4,4,2,1,705.15,558.3881077150832
1,1,15.6,2,2,4,2,2,499.0,754.5712432611363
5,1,15.6,2,3,8,3,1,449.0,763.1515445660565
2,4,13.3,5,1,12,1,1,1299.0,1909.3470865410504
4,2,15.6,1,1,16,7,1,1819.0,1869.6546591326708
1,1,15.6,1,1,8,1,1,1070.0,1111.5646431493535
4,2,17.3,3,1,16,3,2,998.0,1871.194229754671
2,1,15.6,1,2,4,3,1,559.0,657.5165828507071
2,1,15.6,1,1,16,6,1,989.99,1793.1988259880593
4,2,15.6,1,1,16,7,1,1929.0,1869.6546591326708
2,3,13.3,1,1,8,1,1,1458.0,1421.3135273628134
4,2,17.3,3,4,64,6,1,3975.0,5802.57651596121
2,4,13.3,4,1,8,1,1,798.01,1571.1086405977346
2,2,15.6,4,1,16,7,1,1329.0,1951.250814836753
6,3,12.5,6,3,8,6,5,1300.0,1302.774849565888
2,1,15.6,2,4,4,2,1,481.98,503.57705765728497
1,1,15.6,2,2,4,2,1,1199.0,694.7287758242283
1,3,12.5,1,2,8,1,4,1199.0,1590.5834957562024
1,1,13.3,1,1,8,1,1,1090.0,1120.4824621277419
3,3,12.5,5,1,8,1,1,1713.49,1332.2364015024366
3,1,17.3,2,2,8,6,1,659.0,959.1231741587342
3,1,15.6,3,3,4,3,1,977.0,515.8512357973276
4,2,17.3,1,1,16,7,1,2499.0,1863.0632277138623
3,1,15.6,2,2,4,2,1,540.0,585.1066757086321
1,1,15.6,1,2,4,2,4,940.0,883.5981596054571
3,3,12.5,6,3,8,4,1,1399.0,1211.3243787641047
3,2,17.3,3,4,32,3,1,3240.0,3051.973519867125
3,4,11.6,6,3,4,2,1,646.27,1028.5408391085432
1,3,13.3,4,1,16,4,1,2049.0,2168.030114678057
2,1,15.6,1,2,8,1,1,750.0,988.5832590369826
1,1,14.0,1,2,4,2,4,1030.99,889.8018597643359
1,5,15.6,1,1,8,1,4,1495.0,2002.3762760458171
3,1,14.0,1,2,8,6,4,1199.0,1160.7876895176505
1,1,13.3,5,3,4,4,2,615.0,683.8065350009836
5,1,15.6,2,3,4,2,1,387.0,407.3142415384632
2,1,15.6,2,3,4,2,3,393.49,691.4323265856735
1,1,15.6,2,5,4,3,2,345.99,558.3171167111911
4,2,17.3,3,1,8,7,1,1599.0,1149.2184099452118
2,3,13.3,3,2,4,1,1,818.35,986.8788029534109
1,1,12.5,2,2,4,2,4,1599.0,886.2758471927802
5,1,15.6,1,2,8,7,1,799.0,873.6913625462239
2,1,15.6,1,2,8,3,1,638.8,1005.0970102645279
4,2,17.3,1,1,8,1,1,1599.0,1118.3611192035855
1,1,15.6,2,4,4,3,1,500.0,566.6449833288557
4,2,17.3,3,1,16,5,1,2299.0,1827.865513545308
2,3,12.5,2,4,4,2,4,1135.15,1050.7662443187066
2,3,12.5,2,4,4,2,4,1166.97,1050.7662443187066
5,1,15.6,2,3,4,2,2,209.0,467.15670897537143
1,5,17.3,3,1,8,3,4,2899.0,1993.6146329135445
3,2,15.6,1,1,16,4,1,1199.0,1899.6950823491513
2,3,12.5,2,2,8,1,4,1413.1,1526.4304642278996
4,2,17.3,1,1,8,5,1,1511.19,1151.388621658676
3,4,15.6,5,2,4,1,1,867.0,1082.2870286226503
1,1,15.6,1,4,4,3,1,398.0,575.9869647993602
4,2,15.6,3,1,16,5,1,1339.0,1834.4569449641165
1,1,13.3,4,3,8,1,1,1699.0,956.115849607083
2,1,15.6,2,2,4,2,4,769.15,819.4451280771543
3,1,15.6,2,6,4,2,1,429.0,312.4253394903415
1,3,13.3,1,1,8,4,1,1969.0,1500.8952042619294
3,4,11.6,6,3,4,2,2,549.0,1088.3833065454512
2,3,13.3,1,3,8,1,1,1379.0,1284.972859253668
3,2,17.3,3,4,16,6,1,2749.99,1686.4224370531604
1,3,12.5,1,1,8,1,1,1029.0,1479.226427500051
1,3,13.3,1,1,16,4,1,2226.0,2196.0560590895707
4,2,17.3,1,1,8,5,1,1312.49,1151.388621658676
6,1,13.3,1,3,4,4,1,196.0,387.27674315710317
1,1,13.3,1,2,8,1,1,1690.0,1052.312128073169
1,1,14.0,1,2,8,1,4,1513.0,1229.1254115643837
2,1,15.6,2,2,4,2,3,523.63,759.6026606402461
4,1,15.6,2,3,4,3,1,435.0,470.3821672100339
3,4,14.0,5,1,8,1,1,1669.0,1504.2414902499224
3,4,11.6,6,3,4,2,1,479.0,1028.5408391085432
1,3,12.5,2,4,8,1,4,1895.0,1444.9008461765527
3,2,15.6,3,2,8,5,2,989.0,1185.7792735766086
1,2,17.3,3,3,8,5,1,1129.0,1160.7971407819155
1,1,15.6,2,1,8,6,1,629.0,1143.5070397477118
3,4,14.0,5,2,8,4,4,2050.38,1640.3691853473917
4,1,14.0,2,4,4,4,1,278.0,416.6724089281129
1,3,15.6,1,1,8,1,1,752.0,1467.2067584422232
5,1,15.6,1,2,4,3,1,616.0,493.083432677313
3,1,15.6,1,1,16,6,1,1099.0,1738.3877759302616
1,5,17.3,3,1,8,1,4,3949.4,1977.1008816859994
2,1,15.6,2,2,8,3,1,784.0,995.7550287940232
4,2,17.3,1,1,16,7,1,2399.0,1863.0632277138623
1,3,15.6,1,1,8,1,4,2171.72,1646.7341607529474
3,4,14.0,6,2,16,4,1,2440.0,2146.6606563938044
4,2,15.6,1,1,8,5,1,1142.8,1157.9800530774846
1,4,13.3,4,4,8,1,1,1629.0,1421.408688491815
1,5,15.6,3,1,8,1,4,2229.0,1983.692313104808
1,4,13.3,6,2,8,1,1,1799.0,1539.065393659951
1,5,15.6,1,1,8,1,4,1899.0,2002.3762760458171
1,3,12.5,1,3,8,1,4,2296.95,1522.4131617016299
2,1,15.6,1,1,8,1,1,1009.9,1056.7535930915553
1,1,15.6,1,2,8,1,4,1579.0,1222.921711405505
3,4,14.0,6,1,8,1,1,2339.0,1494.899508779418
3,1,15.6,2,6,4,3,2,339.0,380.52468254102223
1,1,15.6,2,3,4,2,1,297.0,626.5584417696557
3,1,15.6,1,2,8,3,2,599.0,1010.1284276436379
2,2,15.6,1,1,8,3,1,1199.0,1251.0884019655355
2,1,15.6,5,3,8,1,1,2250.68,883.0449991003918
1,1,15.6,1,3,4,1,1,478.89,627.6435476263874
4,2,17.3,1,1,16,7,1,1492.8,1863.0632277138623
3,3,14.0,1,2,12,4,4,2299.0,1847.4964809967958
3,1,15.6,1,2,8,6,1,788.49,975.0565870480475
1,4,13.3,6,2,8,4,1,2041.0,1563.8360205012689
3,3,14.0,1,2,8,1,4,1499.0,1475.1454267416573
4,2,14.0,1,1,16,7,1,1769.0,1875.8583592915495
1,2,15.6,3,1,8,3,1,899.0,1287.2154890823244
3,1,15.6,2,6,8,3,1,459.0,668.2626425179348
1,1,15.6,2,2,4,2,2,476.99,754.5712432611363
2,2,15.6,4,1,8,5,1,1498.0,1239.576208781567
3,1,15.6,3,2,8,1,1,1390.0,915.0882460381754
3,1,15.6,1,5,4,3,1,468.0,398.19453062919126
1,1,14.0,2,6,2,4,1,249.0,270.9746772854513
4,2,15.6,3,1,8,3,1,839.0,1122.7823389089303
1,1,15.6,1,1,8,1,1,679.0,1111.5646431493535
1,1,15.6,1,4,16,4,1,1159.0,1626.9851226545945
4,1,15.6,2,4,4,2,1,369.0,393.9549575416888
3,1,15.6,2,2,4,2,2,398.0,644.9491431455401
3,1,15.6,1,1,8,3,2,709.0,1078.2987616982107
4,1,14.0,1,3,4,1,1,769.0,469.4140976118721
3,1,15.6,1,1,4,6,4,825.0,875.1738959995238
3,2,15.6,3,1,16,4,1,1305.0,1881.0111194081421
4,2,15.6,1,1,16,5,1,2153.37,1853.1409079051257
1,1,15.6,2,4,4,2,1,650.0,558.3881077150832
3,4,14.0,6,2,8,1,1,1637.0,1426.7291747248453
3,3,15.6,1,1,6,1,1,831.0,1183.7944446197166
2,1,15.6,1,1,8,1,3,895.01,1176.4385279653713
5,1,15.6,2,3,4,2,1,333.0,407.3142415384632
1,1,15.6,3,1,6,3,1,799.0,935.6042177289792
4,2,15.6,3,1,8,7,1,909.0,1155.8098413640205
2,4,15.6,4,1,16,4,1,1179.0,2282.1223032883054
5,1,15.6,1,2,4,1,1,691.0,476.5696814497679
2,3,13.3,4,4,8,1,3,1099.0,1308.461515661398
5,2,17.3,3,1,16,7,1,2599.0,1789.5682147150549
3,2,15.6,3,2,8,3,1,819.0,1109.4230549121555
1,4,11.6,1,3,4,4,2,659.0,1261.229065241115
1,1,15.6,2,2,4,2,1,485.0,694.7287758242283
6,3,12.5,6,3,8,6,5,1163.0,1302.774849565888
2,4,13.3,5,2,8,1,1,1199.0,1493.5963250726572
1,1,15.6,3,1,12,5,1,1327.0,1473.4886100772553
3,1,15.6,2,5,4,3,2,368.0,448.6950165955948
4,2,17.3,3,1,16,6,1,2150.0,1836.1223891590805
5,1,15.6,2,3,4,3,3,272.0,535.2560520260522
4,2,17.3,1,1,16,7,1,2048.9,1863.0632277138623
2,1,15.6,2,6,4,2,1,499.0,367.2363895481394
3,1,15.6,2,1,8,2,2,629.0,1060.6999046139335
2,4,15.6,4,4,16,4,1,1285.0,2077.6113011245875
2,3,13.3,4,1,16,4,1,2680.0,2113.219064620259
4,2,15.6,1,1,8,3,1,1169.0,1141.4663018499396
2,1,15.6,1,2,8,1,1,889.0,988.5832590369826
1,1,15.6,2,2,8,1,1,579.0,1034.0523276242761
3,1,15.6,2,3,4,2,1,299.0,516.9363416540596
5,1,17.3,2,6,8,3,1,629.0,552.04911098353
4,2,15.6,1,1,16,7,1,2449.0,1869.6546591326708
6,3,12.5,6,3,8,6,5,1279.0,1302.774849565888
4,1,15.6,1,1,16,5,1,1749.0,1675.3198502586908
4,2,17.3,3,1,16,7,1,1948.99,1844.379264772853
2,4,15.6,5,2,8,1,1,999.0,1484.6785060942689
4,2,17.3,1,1,16,7,1,1949.0,1863.0632277138623
5,1,11.6,2,3,2,2,2,174.0,308.8757456656581
5,1,17.3,2,5,4,3,1,598.0,272.63901762428196
3,1,17.3,2,2,8,3,2,539.0,994.1950147543246
3,2,15.6,3,1,8,5,1,1272.0,1194.1071401942734
5,4,14.0,5,3,8,1,1,1149.0,1258.2787220251812
3,1,15.6,3,2,8,1,1,1529.0,915.0882460381754
4,2,15.6,1,1,8,5,1,1476.11,1157.9800530774846
1,1,15.6,1,3,6,3,1,529.0,817.9475125608429
2,3,12.5,4,4,8,1,4,1713.37,1371.4058331777455
2,4,14.0,4,3,4,2,1,509.0,1092.7303018690318
4,1,15.6,2,4,4,3,1,309.0,402.21183315546136
2,3,13.3,4,1,8,1,1,1477.0,1393.2875829512998
2,1,15.6,2,2,4,3,3,521.86,767.8595362540186
3,2,15.6,5,1,16,5,1,1029.0,1870.5840320809057
4,2,15.6,1,1,8,5,1,1149.0,1157.9800530774846
3,1,12.5,5,3,16,4,1,1650.0,1560.1850997693805
1,2,14.0,1,1,16,6,1,3499.0,2032.034633851171
2,1,15.6,6,3,8,3,1,469.01,890.2167688574327
4,2,17.3,1,1,16,7,1,1598.0,1863.0632277138623
6,3,11.6,2,3,4,6,5,959.0,996.0519293734546
1,1,15.6,1,5,4,3,1,478.0,507.81663074478763
1,3,14.0,2,1,8,1,4,2198.19,1643.5958794413216
2,1,15.6,2,2,4,2,4,737.0,819.4451280771543
4,2,15.6,1,1,8,5,1,1169.0,1157.9800530774846
3,1,13.3,3,1,16,4,1,1499.0,1712.1078807400957
3,1,15.6,1,1,6,1,1,597.57,828.1523293268468
4,3,13.3,1,1,8,1,1,1280.0,1311.6914272472175
5,1,15.6,2,6,4,2,3,361.8,322.48817424856173
2,4,17.3,4,1,16,4,1,1799.0,2275.530871869497
1,1,14.0,1,2,4,1,4,1099.99,881.5449841505631
4,2,15.6,3,1,16,7,1,1600.0,1850.9706961916615
2,1,14.0,2,2,4,2,1,875.0,646.1214259253088
4,2,15.6,3,1,16,7,1,2325.0,1850.9706961916615
3,1,15.6,3,2,8,1,2,573.0,974.9307134750834
2,4,13.3,4,3,8,1,1,1813.0,1434.7679724885893
2,1,15.6,2,4,4,2,3,324.0,623.261992531101
1,1,15.6,2,4,4,2,1,399.0,558.3881077150832
3,1,15.6,1,4,6,2,1,569.0,631.8982027769015
3,1,14.0,3,2,8,1,1,1072.0,921.2919461970541
2,1,15.6,2,3,4,2,1,443.99,571.7473917118575
4,1,15.6,2,4,4,3,1,339.0,402.21183315546136
4,2,17.3,3,1,16,5,1,1900.0,1827.865513545308
2,1,15.6,2,5,4,2,1,490.0,435.40672360271196
3,1,15.6,1,1,8,6,4,895.0,1222.7543234133445
4,2,15.6,1,1,8,5,1,1229.0,1157.9800530774846
3,4,14.0,4,2,4,2,1,833.01,1106.0895858658064
4,3,13.3,3,3,8,4,1,729.0,1181.4374230383808
2,1,15.6,2,3,6,3,1,459.0,753.7944810325403
5,1,15.6,2,6,4,2,3,289.0,322.48817424856173
2,1,15.6,2,4,2,2,1,379.0,329.78684395037453
3,1,15.6,3,1,8,3,1,899.0,999.7723313202935
1,1,15.6,1,3,6,6,1,549.99,842.7181394021605
2,1,15.6,2,1,8,3,3,805.99,1183.610297722412
1,1,11.6,2,6,2,4,1,209.0,280.28022752376955
4,1,15.6,2,1,4,2,1,720.32,598.4659597054069
3,4,14.0,5,1,4,2,1,638.0,1164.9179384498746
3,4,13.3,6,1,16,4,1,1499.0,2217.545109267887
3,1,14.0,2,4,2,2,1,229.0,281.1794940514552
1,1,15.6,2,1,6,3,1,764.0,944.9461991994838
4,1,15.6,2,4,4,2,1,369.0,393.9549575416888
4,3,13.3,3,3,8,4,1,729.0,1181.4374230383808
2,1,15.6,2,3,6,3,1,459.0,753.7944810325403
5,1,15.6,2,6,4,2,3,289.0,322.48817424856173
2,1,15.6,2,4,2,2,1,379.0,329.78684395037453
3,1,15.6,3,1,8,3,1,899.0,999.7723313202935
1,1,15.6,1,3,6,6,1,549.99,842.7181394021605
2,1,15.6,2,1,8,3,3,805.99,1183.610297722412
1,1,11.6,2,6,2,4,1,209.0,280.28022752376955
4,1,15.6,2,1,4,2,1,720.32,598.4659597054069
3,4,14.0,5,1,4,2,1,638.0,1164.9179384498746
3,4,13.3,6,1,16,4,1,1499.0,2217.545109267887
3,1,14.0,2,4,2,2,1,229.0,281.1794940514552
1,1,15.6,2,1,6,3,1,764.0,944.9461991994838
4,1,15.6,2,4,4,2,1,369.0,393.9549575416888
4,3,13.3,3,3,8,4,1,729.0,1181.4374230383808
2,1,15.6,2,3,6,3,1,459.0,753.7944810325403
5,1,15.6,2,6,4,2,3,289.0,322.48817424856173
2,1,15.6,2,4,2,2,1,379.0,329.78684395037453
3,1,15.6,3,1,8,3,1,899.0,999.7723313202935
1,1,15.6,1,3,6,6,1,549.99,842.7181394021605
2,1,15.6,2,1,8,3,3,805.99,1183.610297722412
1,1,11.6,2,6,2,4,1,209.0,280.28022752376955
4,1,15.6,2,1,4,2,1,720.32,598.4659597054069
3,4,14.0,5,1,4,2,1,638.0,1164.9179384498746
3,4,13.3,6,1,16,4,1,1499.0,2217.545109267887
3,1,14.0,2,4,2,2,1,229.0,281.1794940514552
1,1,15.6,2,1,6,3,1,764.0,944.9461991994838
4,1,15.6,2,4,4,2,1,369.0,393.9549575416888
