Company,TypeName,Inches,ScreenResolution,Cpu,Ram,Memory,OpSys,Price_euros
6,3,13.3,2,3,8,2,5,1339.69
6,3,13.3,2,3,8,4,5,898.94
1,1,15.6,1,2,8,1,2,575.0
6,3,11.6,2,3,16,4,5,2537.45
6,3,13.3,2,3,8,1,5,1803.6
5,1,15.6,2,4,4,2,1,400.0
6,3,11.6,2,3,16,6,5,2139.97
6,3,13.3,2,3,8,6,5,1158.7
4,3,14.0,1,4,16,4,1,1495.0
5,3,14.0,3,2,8,1,1,770.0
1,1,15.6,2,2,4,2,2,393.9
1,1,15.6,1,5,4,2,2,344.99
6,3,11.6,2,3,16,1,5,2439.97
2,1,15.6,1,5,4,1,1,498.9
6,3,12.5,6,3,8,1,5,1262.4
6,3,13.3,2,3,8,1,5,1518.55
2,1,15.6,1,1,8,1,1,745.0
6,3,11.6,2,3,16,4,5,2858.0
3,1,15.6,1,3,8,3,2,499.0
2,3,13.3,5,2,8,2,1,979.0
4,1,11.6,2,3,2,4,1,191.9
3,2,15.6,3,2,8,5,1,999.0
1,1,15.6,2,3,4,2,2,258.0
2,4,13.3,4,2,8,1,1,819.0
1,3,15.6,1,4,8,1,1,659.0
2,1,15.6,2,5,4,3,1,418.64
6,3,13.3,2,3,8,4,5,1099.0
2,1,15.6,1,2,8,1,1,800.0
2,3,15.6,1,3,8,4,1,1298.0
1,1,17.3,1,2,8,3,1,896.0
1,1,15.6,1,3,4,2,1,244.99
4,1,14.0,2,3,2,4,1,199.0
1,1,17.3,1,4,4,2,1,439.0
2,3,13.3,1,4,16,4,1,1869.0
6,3,13.3,2,3,8,6,5,998.0
3,1,14.0,2,4,4,2,1,249.0
5,1,15.6,2,4,4,3,3,367.0
2,1,17.3,3,2,8,5,1,979.0
1,1,15.6,2,2,4,3,1,488.69
1,1,15.6,1,2,8,1,1,879.0
4,1,15.6,1,5,4,3,3,389.0
2,2,15.6,3,1,16,7,1,1499.0
4,1,15.6,2,2,8,3,3,522.99
5,1,15.6,3,2,4,1,1,682.0
2,4,17.3,4,2,12,3,1,999.0
6,3,13.3,2,3,8,1,5,1419.0
3,1,15.6,2,5,4,2,2,369.0
4,2,17.3,1,3,8,7,1,1299.0
2,1,15.6,1,2,4,1,1,639.0
4,1,17.3,2,4,4,3,1,466.0
3,4,11.6,6,3,4,2,2,319.0
5,1,15.6,3,4,8,1,1,841.0
1,1,15.6,1,4,4,1,1,398.49
1,1,13.3,1,4,8,4,1,1103.0
5,1,15.6,2,3,4,3,1,384.0
2,1,15.6,1,4,8,1,1,767.8
1,1,15.6,1,5,4,2,1,439.0
4,1,15.6,2,2,4,1,1,586.19
4,2,17.3,1,1,16,4,1,2449.0
4,1,15.6,1,5,4,1,3,415.0
2,1,17.3,1,4,16,4,1,1299.0
2,3,14.0,1,2,8,1,1,879.0
3,1,14.0,3,4,8,1,2,599.0
4,1,14.0,1,2,8,1,1,941.0
1,1,15.6,1,2,8,1,1,690.0
4,3,15.6,1,1,16,4,1,1983.0
1,1,15.6,2,5,4,2,1,438.69
1,1,14.0,2,6,4,2,1,229.0
3,1,15.6,1,2,4,3,1,549.0
4,2,17.3,1,1,12,3,3,949.0
4,3,14.0,6,2,4,2,4,1089.0
2,3,13.3,3,4,8,1,1,955.0
2,1,15.6,1,4,8,1,1,870.0
4,2,17.3,1,2,8,5,1,1095.0
5,1,14.0,2,5,8,3,1,389.0
4,2,15.6,1,1,8,3,1,949.0
3,1,15.6,1,2,8,6,2,519.0
2,1,15.6,1,4,8,5,1,855.0
5,1,15.6,1,4,4,3,1,530.0
1,1,17.3,1,2,8,5,1,977.0
2,3,15.6,3,2,8,1,1,1096.16
6,3,12.5,6,3,8,4,5,1510.0
1,1,14.0,1,2,8,1,1,860.0
3,1,15.6,1,4,4,2,1,399.0
5,1,15.6,2,4,4,3,1,395.0
2,2,15.6,3,1,16,5,1,1349.0
1,3,15.6,3,4,8,1,1,699.0
1,1,15.6,1,2,8,1,1,598.99
4,2,15.6,3,1,16,5,1,1449.0
2,3,13.3,3,4,8,1,1,1649.0
4,2,15.6,1,3,8,3,1,699.0
5,1,15.6,1,4,8,3,1,689.0
1,1,13.3,1,4,16,4,1,1197.0
2,2,15.6,1,2,8,1,1,1195.0
4,3,14.0,1,1,8,1,1,1049.0
5,4,13.3,5,2,8,1,1,847.0
2,1,15.6,1,1,8,3,3,599.9
2,1,15.6,1,5,4,1,3,485.0
4,1,15.6,1,3,6,1,1,577.0
1,2,15.6,3,1,12,5,1,1249.0
1,1,15.6,1,1,8,1,1,719.0
1,1,15.6,1,3,4,2,1,349.0
2,1,15.6,1,2,8,3,3,647.0
1,3,13.3,3,1,8,1,1,1119.0
4,3,14.0,6,2,8,1,4,1340.0
1,1,14.0,3,2,6,1,1,659.0
3,1,15.6,1,5,4,3,1,414.9
4,3,14.0,3,1,8,1,1,1193.0
4,2,15.6,1,1,16,7,1,1299.0
3,1,14.0,3,1,8,1,1,1480.0
4,3,15.6,1,4,16,7,1,1262.0
2,3,13.3,4,3,8,1,1,1379.0
3,4,13.3,5,2,8,1,1,1399.0
1,1,14.0,3,2,4,2,1,722.0
2,3,13.3,3,2,8,1,1,1629.0
1,4,13.3,5,2,8,1,1,1398.99
1,1,14.0,1,4,8,4,1,1084.0
2,1,15.6,3,4,8,7,1,1130.33
4,1,17.3,1,5,4,3,1,564.0
4,1,15.6,1,4,8,1,1,1118.0
5,1,15.6,5,3,6,3,1,479.0
4,2,15.6,1,1,16,4,1,2241.5
3,1,15.6,1,2,8,1,2,629.0
1,1,17.3,1,4,16,4,1,1271.0
5,1,15.6,2,4,4,1,1,451.0
1,1,15.6,2,6,4,2,2,259.0
1,1,14.0,1,2,8,3,1,812.0
4,1,14.0,2,3,4,3,4,277.99
2,1,17.3,1,4,16,4,1,1396.0
1,1,17.3,1,2,8,1,1,928.0
2,1,15.6,2,2,8,3,1,638.99
2,1,15.6,1,5,4,3,1,449.0
5,3,14.0,3,4,8,1,1,884.0
5,1,15.6,1,4,4,1,1,572.0
1,1,15.6,2,1,8,3,1,598.0
1,1,14.0,1,4,8,1,1,988.0
3,1,15.6,2,4,4,3,2,252.36
4,2,17.3,1,2,8,5,1,938.0
3,1,15.6,1,2,4,3,2,499.0
1,1,13.3,3,2,4,1,1,699.0
5,1,17.3,3,4,4,3,1,655.0
3,1,14.0,3,2,8,1,1,1116.02
3,2,15.6,3,1,8,1,2,869.0
1,1,15.6,2,2,4,2,1,602.0
1,1,15.6,2,4,4,1,1,369.0
4,3,14.0,1,4,8,1,1,1099.0
1,3,12.5,4,3,8,4,1,2014.0
4,1,15.6,1,4,4,3,1,344.0
4,2,17.3,1,1,16,7,1,2029.0
5,1,15.6,2,5,4,3,1,447.0
2,2,15.6,1,1,16,4,1,1249.26
2,2,15.6,1,1,8,6,1,899.0
3,1,15.6,2,2,4,2,1,498.0
4,2,17.3,1,1,16,7,1,1890.0
1,3,14.0,1,3,4,1,1,1082.0
1,1,15.6,1,2,6,1,1,619.0
3,4,14.0,5,3,4,1,1,629.0
4,4,13.3,4,2,8,1,1,1315.0
2,4,15.6,4,4,8,1,1,1049.0
1,1,15.6,2,3,4,2,1,447.0
4,1,15.6,2,4,4,3,1,403.0
5,1,17.3,3,2,4,1,1,805.0
2,1,15.6,1,2,8,1,1,728.0
3,2,15.6,3,1,16,1,1,1079.0
5,1,15.6,2,4,4,3,1,348.0
4,2,15.6,3,1,16,7,1,1799.0
5,1,15.6,2,4,4,3,1,363.51
2,2,15.6,1,1,8,5,1,1060.49
5,1,17.3,3,2,8,1,1,854.0
1,1,13.3,3,2,4,2,1,754.0
1,3,11.6,5,2,8,1,1,1349.0
1,1,17.3,3,2,6,6,1,699.0
3,1,15.6,2,3,4,2,2,309.0
1,1,15.6,2,3,4,2,1,489.0
1,1,17.3,1,2,8,1,1,923.0
2,1,15.6,2,3,8,3,1,459.0
5,1,15.6,2,5,4,2,1,449.0
4,2,17.3,1,3,32,6,1,2799.0
3,1,15.6,1,2,8,5,1,813.0
1,4,13.3,4,2,8,1,1,1499.0
2,1,15.6,1,4,16,4,3,1049.0
2,3,13.3,1,2,8,1,1,1399.0
3,4,11.6,4,4,16,4,1,1849.0
1,1,15.6,2,2,8,2,1,793.0
1,1,15.6,3,2,8,1,2,1199.0
2,1,17.3,4,4,16,4,1,1549.0
2,1,15.6,4,1,16,4,1,2397.0
3,2,15.6,3,2,8,1,2,779.0
5,3,13.3,3,3,8,1,1,989.0
2,1,17.3,1,4,8,5,1,1085.0
3,4,14.0,6,1,16,6,1,2824.0
6,1,14.0,3,4,4,4,1,260.0
1,3,13.3,3,2,8,1,2,999.9
3,1,17.3,2,2,8,1,2,698.0
2,4,13.3,5,4,8,3,1,839.0
1,1,17.3,3,2,8,3,1,914.0
1,2,17.3,4,1,32,6,1,6099.0
1,1,13.3,1,2,8,4,1,959.0
1,2,17.3,3,1,16,7,1,1379.0
1,1,17.3,1,4,8,1,1,1045.0
2,2,15.6,4,1,16,6,1,1845.0
3,1,15.6,2,2,4,2,1,493.0
5,1,15.6,1,1,8,3,1,742.0
3,2,15.6,3,1,16,6,1,1749.0
2,5,15.6,4,3,16,7,1,3055.0
3,2,15.6,1,1,16,4,2,1398.0
2,1,15.6,6,3,6,3,1,439.0
2,3,13.3,4,4,8,1,1,1949.0
2,3,13.3,1,4,8,1,1,1449.0
3,1,15.6,2,2,8,1,1,597.0
5,1,15.6,1,1,8,3,3,779.0
4,2,17.3,1,1,16,7,1,1407.0
1,1,15.6,1,5,4,2,2,349.0
3,1,15.6,1,2,8,1,2,549.0
1,3,11.6,5,1,8,4,1,1499.0
2,3,13.3,3,4,8,1,1,931.88
3,1,17.3,2,2,8,3,2,589.0
1,1,14.0,1,4,8,1,1,1031.0
2,3,14.0,1,2,8,1,1,1149.0
2,4,13.3,4,4,16,4,1,1279.0
2,1,15.6,1,2,8,1,3,677.35
3,4,14.0,3,2,8,1,1,899.0
1,3,13.3,1,1,8,1,1,1363.0
1,1,15.6,1,2,8,3,1,794.0
2,2,17.3,3,1,16,7,1,2456.34
5,1,15.6,1,1,8,1,1,832.0
2,1,15.6,4,1,16,3,1,859.01
4,1,15.6,1,2,8,1,1,769.0
4,1,17.3,1,2,8,6,1,891.0
1,1,15.6,1,1,8,3,1,1269.0
4,1,15.6,2,3,4,3,1,398.99
1,1,15.6,2,3,4,2,1,330.0
3,2,15.6,3,1,16,7,1,1499.0
2,1,14.0,1,2,8,1,1,859.0
5,4,13.3,5,2,8,1,1,689.0
2,1,15.6,1,1,16,1,3,899.0
5,1,15.6,2,5,4,3,3,390.0
4,1,15.6,1,3,4,5,1,575.0
4,2,17.3,1,1,32,6,1,3890.0
5,2,15.6,3,2,8,1,1,846.0
3,1,15.6,2,5,8,2,1,589.0
4,1,17.3,1,4,8,5,1,1145.0
4,1,17.3,1,1,8,5,2,889.0
2,2,15.6,1,2,8,1,1,879.0
3,4,11.6,5,1,8,1,1,1079.0
2,1,15.6,1,4,8,4,1,985.0
1,1,15.6,6,2,8,3,1,559.0
4,2,17.3,1,1,16,1,1,2999.0
1,1,13.3,3,2,4,2,1,675.0
6,3,13.3,2,3,8,4,5,2040.0
2,4,15.6,5,4,8,3,1,819.0
4,2,17.3,1,1,16,7,1,1799.0
4,1,15.6,2,4,4,3,1,469.0
3,4,11.6,5,4,8,4,1,1849.0
5,1,17.3,3,4,4,1,1,702.0
2,3,13.3,1,2,8,1,1,949.0
1,1,15.6,2,3,8,2,1,445.9
1,1,17.3,3,4,16,3,1,1059.0
4,2,17.3,1,1,16,6,1,2499.0
3,4,15.6,5,1,8,4,1,1699.0
2,1,17.3,1,4,8,5,1,1142.0
3,1,15.6,1,5,4,1,2,444.0
1,1,15.6,3,2,4,2,1,722.0
2,1,15.6,1,2,4,3,1,657.0
2,1,15.6,1,2,8,3,1,565.0
2,4,15.6,4,2,8,1,1,799.0
4,4,13.3,4,4,8,3,1,1499.0
3,1,15.6,1,2,4,3,2,467.0
1,1,17.3,1,4,8,3,1,1018.0
3,1,15.6,1,4,8,1,1,880.0
6,3,13.3,2,3,8,4,5,1958.9
4,2,17.3,1,3,16,7,1,1549.0
2,1,15.6,1,4,8,1,3,735.07
3,4,14.0,6,2,16,4,1,2499.0
1,1,15.6,2,1,8,2,1,812.0
2,1,15.6,2,1,12,3,1,713.07
2,1,17.3,1,4,8,5,3,1099.0
5,1,15.6,3,4,8,3,1,745.0
3,1,17.3,2,5,4,3,1,489.0
3,1,17.3,1,4,8,6,2,849.0
3,1,17.3,2,1,6,5,1,859.0
2,1,15.6,1,6,4,3,3,428.0
3,2,15.6,3,2,8,1,1,829.0
3,1,15.6,1,2,6,1,1,579.0
5,1,15.6,3,4,8,1,1,951.0
5,1,15.6,5,1,12,3,1,659.0
3,1,15.6,3,1,8,1,1,1097.0
4,3,15.6,1,2,8,1,1,977.0
3,2,15.6,3,1,16,7,1,1179.0
3,1,15.6,1,1,8,3,2,659.01
5,1,15.6,2,3,2,2,2,199.0
4,2,17.3,1,1,8,3,1,1187.0
1,1,17.3,2,5,8,3,1,489.0
2,1,15.6,1,1,8,1,1,1829.0
3,1,15.6,1,2,8,1,1,739.0
3,2,15.6,3,1,8,3,1,1299.0
5,1,15.6,1,1,8,1,3,979.0
2,5,17.3,1,3,16,1,1,2884.86
3,1,15.6,1,3,6,3,1,499.0
4,3,15.6,1,1,16,4,1,1468.0
4,1,14.0,2,3,4,2,1,509.0
4,2,17.3,1,1,16,7,1,2122.0
3,1,17.3,2,2,6,3,1,649.0
3,1,15.6,2,2,8,6,2,549.0
4,2,15.6,1,1,8,5,1,1265.0
3,1,15.6,2,4,4,3,2,359.99
1,4,13.3,4,1,16,1,1,1975.0
1,1,15.6,3,1,8,1,1,1043.0
3,1,15.6,1,2,8,5,1,819.0
1,1,15.6,1,5,4,3,1,469.0
3,1,13.3,3,2,8,1,1,999.0
2,3,13.3,4,4,16,6,1,2499.0
4,2,15.6,3,1,16,7,1,2099.0
5,1,15.6,1,3,8,1,1,469.0
4,4,11.6,6,4,2,4,1,275.0
2,1,15.6,1,2,8,5,1,844.0
1,4,13.3,4,4,16,6,1,2449.0
3,1,13.3,2,3,4,6,2,459.9
1,1,14.0,1,2,8,1,1,980.0
5,1,11.6,2,4,4,4,1,485.0
1,1,14.0,1,1,8,1,1,1292.0
3,1,17.3,2,2,4,3,1,589.0
4,1,14.0,1,1,8,1,1,1094.0
1,1,15.6,1,4,8,3,1,902.0
5,1,15.6,2,3,8,1,1,659.0
3,1,14.0,2,4,4,4,1,292.0
5,1,15.6,2,2,6,3,1,549.0
4,3,15.6,1,1,8,1,1,1049.9
1,3,12.5,1,1,8,1,1,1335.0
2,1,15.6,4,1,32,6,1,2639.0
4,2,17.3,1,1,8,7,1,1199.0
1,1,15.6,3,2,8,1,1,943.0
4,1,14.0,1,1,8,7,1,1334.0
3,1,15.6,1,5,4,3,1,449.0
4,2,15.6,1,1,8,1,1,999.0
1,1,14.0,1,6,8,1,1,1268.0
2,3,15.6,3,2,8,5,1,1049.0
1,1,15.6,1,2,8,1,1,1144.0
4,1,15.6,2,4,4,3,3,274.99
2,1,15.6,1,2,8,1,1,1142.75
2,1,15.6,2,6,4,2,3,274.9
3,1,15.6,1,1,12,6,1,899.0
1,1,15.6,3,3,8,3,1,716.0
3,4,11.6,4,4,16,4,1,2099.0
2,3,13.3,1,4,8,1,1,1579.0
3,2,15.6,3,1,16,4,1,1129.0
1,1,14.0,2,6,2,4,1,279.0
2,3,15.6,1,3,16,3,1,1607.96
4,4,11.6,6,4,4,4,1,375.0
2,3,15.6,1,2,8,3,1,663.0
2,1,15.6,4,1,16,4,1,2027.42
1,1,15.6,1,1,8,1,1,1304.0
4,2,17.3,1,1,8,5,1,1409.0
1,5,15.6,1,1,8,1,1,1738.27
1,1,15.6,3,1,16,4,1,1403.0
2,1,15.6,1,4,8,4,1,970.9
3,1,15.6,2,4,4,3,2,321.99
2,2,15.6,1,2,8,3,1,999.0
2,1,15.6,6,2,8,6,1,557.37
2,1,14.0,1,6,8,1,1,1427.0
1,1,15.6,2,5,4,2,1,439.0
4,1,14.0,1,2,8,1,1,945.0
3,1,17.3,2,2,6,5,1,719.0
1,1,15.6,1,2,8,3,1,639.0
3,1,15.6,2,5,8,1,2,499.0
1,1,15.6,2,4,8,6,1,389.0
2,1,17.3,1,2,8,5,1,1085.0
3,2,15.6,3,2,8,5,2,809.0
2,1,15.6,1,1,8,1,1,899.0
1,3,14.0,3,1,8,1,1,1750.0
4,4,15.6,4,1,12,6,1,1099.0
5,1,15.6,2,4,4,2,1,426.0
4,2,17.3,3,3,16,7,1,2199.0
3,1,17.3,2,3,4,2,1,489.0
2,4,13.3,4,4,8,1,1,869.01
1,1,15.6,1,4,4,1,1,488.99
3,1,11.6,3,3,4,2,1,553.0
2,1,15.6,2,3,4,2,1,309.0
4,1,14.0,2,4,4,4,1,286.0
5,1,15.6,1,1,8,3,3,846.0
1,2,17.3,3,1,8,5,1,1191.0
3,1,15.6,1,5,4,2,2,403.5
4,2,15.6,3,1,8,5,1,1655.0
3,1,14.0,3,2,8,1,1,1099.0
4,3,13.3,4,1,16,4,1,1748.9
3,3,14.0,2,1,8,4,1,2282.0
3,1,13.3,3,3,4,2,1,549.0
2,5,15.6,1,3,8,2,1,1369.0
2,5,15.6,3,1,8,1,1,2135.0
3,4,14.0,6,1,16,4,1,2509.0
4,2,17.3,1,1,8,3,1,1039.0
4,2,17.3,1,1,16,7,1,1591.0
5,1,15.6,3,2,12,3,1,693.99
4,2,17.3,1,1,8,1,1,1349.0
2,1,15.6,1,1,8,1,3,778.87
1,3,15.6,1,4,4,1,1,499.0
3,1,15.6,3,4,8,1,1,1229.56
3,1,14.0,3,2,8,1,1,938.0
2,5,15.6,4,1,8,1,1,2712.0
3,3,14.0,2,1,16,6,1,2625.0
3,1,15.6,2,4,4,3,1,306.0
4,2,17.3,1,1,16,7,1,1529.0
3,1,15.6,3,2,8,7,1,1144.5
5,1,15.6,1,1,8,1,3,879.0
4,2,17.3,1,1,16,7,1,2249.0
4,3,14.0,1,1,8,4,1,1873.0
1,3,13.3,1,1,16,4,1,1747.0
2,3,14.0,1,1,8,4,1,1680.0
3,1,15.6,1,5,4,2,1,409.0
3,1,11.6,2,4,2,4,1,304.45
3,5,15.6,1,1,8,4,1,1925.0
3,3,14.0,1,1,8,4,1,1943.0
1,1,15.6,1,5,4,3,1,469.0
5,4,13.3,5,1,8,1,1,789.01
4,4,13.3,5,2,8,1,1,928.0
2,1,15.6,1,2,4,1,3,598.9
2,1,13.3,2,5,4,2,1,689.0
1,3,14.0,1,1,8,1,1,1500.0
2,1,15.6,2,2,8,3,1,539.95
3,3,14.0,3,4,8,1,1,1215.38
3,4,15.6,4,1,16,4,1,1899.0
1,1,11.6,1,3,6,2,1,449.0
1,1,15.6,1,3,8,1,1,1427.0
4,1,15.6,1,3,8,3,3,597.0
2,2,17.3,2,1,16,7,1,2799.0
2,2,15.6,3,1,8,5,1,1159.0
2,1,15.6,1,4,8,4,1,1142.4
2,3,14.0,1,1,8,1,3,1099.0
1,2,17.3,1,1,12,7,1,1999.0
4,4,11.6,5,4,4,2,1,299.0
1,1,11.6,2,6,4,6,2,269.0
3,1,13.3,3,1,8,1,1,1010.0
3,1,14.0,3,4,4,2,1,599.0
3,5,15.6,4,1,16,4,1,2445.0
3,1,15.6,1,3,16,4,1,2449.0
4,2,17.3,1,3,8,7,1,1695.0
1,1,15.6,2,6,4,2,1,347.0
1,3,11.6,5,3,16,4,2,2199.0
3,3,14.0,2,1,24,4,1,2382.0
4,1,15.6,1,2,4,1,3,559.0
3,1,17.3,2,4,8,3,1,519.0
2,1,15.6,1,2,4,1,1,749.0
3,3,12.5,3,2,8,1,1,1429.0
3,1,15.6,1,4,4,2,1,349.0
1,2,15.6,3,1,8,5,1,1099.0
2,1,14.0,1,3,8,1,1,1179.0
5,1,15.6,2,2,4,2,3,441.8
2,5,15.6,1,3,8,3,1,1993.0
4,2,15.6,1,2,8,1,1,1027.74
4,3,14.0,6,3,16,4,4,2589.0
1,1,15.6,2,2,8,2,1,589.0
2,5,15.6,3,1,16,1,1,1975.0
1,5,15.6,3,3,8,4,1,1534.0
3,1,14.0,1,2,8,1,1,1345.0
2,1,15.6,1,4,8,5,1,979.0
2,4,11.6,6,4,4,2,1,479.0
2,1,17.3,3,3,8,3,1,2046.0
4,3,14.0,6,3,4,2,4,989.0
4,3,14.0,6,3,8,1,4,1799.0
1,1,17.3,2,5,8,1,1,639.9
5,1,15.6,1,5,4,3,1,544.0
5,1,11.6,2,6,4,2,1,435.0
4,1,15.6,1,2,8,3,1,749.0
3,1,14.0,3,1,8,4,2,799.0
3,1,15.6,1,3,8,1,1,2090.0
4,1,15.6,2,4,4,2,1,304.0
5,1,15.6,2,5,4,2,1,469.0
2,1,15.6,1,2,8,6,1,759.0
1,2,17.3,3,1,12,3,1,1699.0
3,3,14.0,6,2,12,1,1,1858.0
1,4,13.3,4,4,8,4,1,1999.0
1,1,15.6,1,2,8,2,1,1154.0
1,3,11.6,5,3,8,2,2,1275.0
2,3,13.3,4,2,8,1,1,1841.85
4,1,15.6,4,1,12,5,1,1299.0
2,1,14.0,2,4,8,2,1,740.0
2,5,15.6,1,1,8,1,1,2408.0
3,1,14.0,1,2,8,6,1,1364.0
2,1,15.6,1,2,8,3,1,675.0
1,1,13.3,3,2,8,1,1,1672.0
2,1,15.6,3,4,8,4,1,1262.0
2,1,15.6,2,3,4,3,1,586.6
1,1,13.3,3,2,4,2,1,726.0
1,1,15.6,1,3,4,2,1,248.9
3,1,15.6,2,6,4,2,1,565.0
3,1,14.0,3,2,8,1,1,1049.0
2,5,15.6,3,1,16,4,1,2338.0
2,1,15.6,1,1,16,4,1,1899.0
3,3,12.5,3,1,16,4,1,1798.0
4,3,12.5,1,1,16,4,1,1950.0
3,1,15.6,3,2,8,1,1,1011.99
1,3,13.3,4,1,32,4,1,2799.0
4,2,15.6,1,1,8,5,1,1350.0
5,1,15.6,2,3,8,3,1,579.0
4,2,17.3,5,1,24,7,1,1269.0
3,3,12.5,3,2,8,6,1,1099.0
3,1,15.6,1,4,8,1,1,898.9
1,1,14.0,1,1,8,6,1,1749.0
3,1,13.3,3,3,8,1,1,949.0
3,1,15.6,3,2,8,1,1,911.0
4,1,11.6,2,4,4,2,4,340.0
1,1,15.6,2,2,8,1,1,618.99
3,4,11.6,5,2,8,1,1,1599.0
3,1,14.0,2,4,4,2,1,299.0
3,1,11.6,2,6,4,2,2,265.0
3,1,13.3,1,2,8,1,1,949.0
4,1,15.6,1,1,8,7,1,1224.0
5,1,15.6,3,2,4,3,1,613.0
1,3,13.3,3,1,8,4,1,1323.0
3,2,15.6,3,1,8,7,2,1149.0
2,3,13.3,5,2,8,2,1,899.0
5,1,15.6,1,1,4,2,1,639.0
2,1,15.6,1,2,8,3,1,836.0
2,1,15.6,1,4,16,4,1,1219.24
1,1,15.6,3,4,16,1,2,1399.95
4,1,11.6,2,4,2,4,1,245.0
1,1,15.6,6,2,4,3,1,521.47
4,2,15.6,1,1,24,4,1,2968.0
1,1,15.6,1,2,8,1,1,889.0
4,2,17.3,1,1,16,7,1,1504.0
3,2,15.6,3,1,8,7,1,1399.0
1,3,13.3,3,1,8,1,1,1399.0
2,1,14.0,1,6,8,1,1,1279.73
1,1,15.6,2,5,4,2,1,689.0
2,1,17.3,3,2,8,5,3,889.0
3,1,14.0,1,2,8,1,4,1340.0
3,1,15.6,1,1,4,3,1,799.0
3,1,15.6,2,5,8,6,2,459.0
2,1,15.6,1,2,4,2,1,585.0
2,1,15.6,1,3,8,1,1,1377.0
2,2,17.3,3,1,16,5,1,3012.77
1,1,15.6,3,2,8,2,1,860.0
4,1,15.6,4,1,8,7,1,1299.0
4,1,13.3,3,3,4,2,1,369.0
4,2,15.6,3,2,8,5,1,1649.0
2,1,15.6,1,1,8,1,1,1369.0
2,1,15.6,1,2,8,1,1,797.41
1,1,15.6,1,4,4,1,1,398.99
1,2,17.3,1,1,12,3,1,1799.0
3,1,14.0,3,1,8,1,1,859.0
2,3,13.3,4,4,8,1,1,1399.0
2,1,14.0,1,5,4,2,1,735.87
1,3,13.3,5,1,8,1,1,1145.0
5,2,15.6,1,2,8,3,3,798.0
4,1,15.6,2,3,4,2,1,349.0
1,1,15.6,1,3,4,2,1,705.5
3,1,14.0,1,2,4,2,1,785.0
3,1,15.6,1,2,4,3,2,462.35
1,1,15.6,1,5,4,2,1,397.0
3,1,15.6,3,1,8,4,1,1729.0
3,1,15.6,1,5,4,2,1,499.0
2,1,15.6,1,2,8,1,1,1116.99
2,2,17.3,3,1,16,7,1,2699.0
1,1,17.3,2,5,8,3,1,544.15
1,1,17.3,1,1,8,3,1,1280.0
4,1,15.6,2,4,4,2,3,224.0
4,1,13.3,3,3,4,4,1,255.0
3,1,17.3,2,1,6,5,1,949.0
1,1,15.6,3,3,6,2,1,568.9
2,1,15.6,2,5,4,3,1,617.9
5,4,11.6,5,3,4,4,1,349.0
3,1,15.6,1,4,4,2,1,630.0
1,3,13.3,6,3,16,4,1,1965.0
3,1,17.3,3,1,8,1,1,2999.0
4,1,15.6,1,2,8,5,1,839.0
2,3,13.3,4,2,8,2,1,1599.0
2,1,15.6,2,6,4,2,1,959.0
1,1,15.6,2,2,8,3,1,739.0
3,1,15.6,1,4,4,2,1,344.0
3,1,14.0,2,2,4,2,1,990.0
1,5,17.3,2,3,8,2,1,1860.99
1,1,14.0,2,4,8,6,1,389.0
1,1,15.6,3,3,6,1,1,649.0
3,1,15.6,1,2,8,1,1,830.0
3,1,15.6,1,2,4,2,1,685.0
4,1,14.0,1,3,4,2,1,249.0
1,3,14.0,4,1,16,4,1,1865.0
3,2,17.3,3,4,32,7,1,2663.0
4,2,17.3,1,1,16,6,1,2729.0
2,1,15.6,1,1,8,1,3,749.01
4,1,14.0,3,3,4,2,1,389.0
2,1,15.6,2,6,8,2,1,1008.52
1,1,13.3,1,3,4,2,1,719.0
2,1,15.6,1,1,16,1,1,1537.39
2,1,11.6,2,6,4,6,2,295.0
4,2,17.3,1,4,16,5,1,2349.0
1,2,17.3,3,1,16,7,1,1498.0
3,3,14.0,3,2,12,1,1,1673.0
3,1,15.6,6,4,12,3,1,609.0
4,2,17.3,3,2,8,5,1,1770.0
4,4,15.6,6,2,8,3,1,739.0
3,1,15.6,1,1,12,4,1,949.0
2,4,11.6,6,3,4,2,1,603.0
1,1,15.6,1,1,16,5,1,1699.0
3,1,17.3,1,5,4,2,2,529.0
3,1,15.6,2,4,8,3,1,459.0
3,4,13.3,5,1,8,4,1,2025.0
3,1,14.0,3,2,8,1,1,1474.0
2,4,12.5,4,2,8,1,1,1670.0
2,5,15.6,4,1,8,1,1,1763.0
1,1,15.6,1,1,8,1,1,1219.0
1,1,15.6,2,3,4,2,1,668.48
5,1,14.0,1,3,4,4,1,329.0
4,2,17.3,1,4,16,5,1,2199.0
2,1,15.6,2,5,4,3,3,465.0
4,2,15.6,4,1,16,4,1,2299.0
1,1,15.6,3,1,8,1,1,1399.0
3,1,15.6,1,2,6,3,1,564.0
3,4,15.6,5,1,8,1,1,1299.0
5,1,14.0,2,4,4,4,1,349.0
3,1,15.6,4,3,32,6,1,4899.0
2,2,15.6,1,1,16,3,1,879.01
2,1,15.6,2,6,4,3,3,443.9
2,1,15.6,2,6,4,3,3,359.0
2,1,15.6,2,6,4,2,3,869.0
4,2,17.3,1,1,8,5,1,1168.0
2,1,15.6,1,2,4,2,3,569.0
1,3,15.6,1,1,8,4,1,1389.0
4,2,15.6,1,1,16,7,1,2267.86
5,4,11.6,6,3,4,4,2,379.0
1,1,14.0,2,6,8,1,1,1124.0
3,1,14.0,1,2,8,1,4,1465.0
2,1,15.6,1,2,4,3,1,776.0
1,1,15.6,2,2,8,1,1,799.0
1,1,15.6,2,2,4,2,4,932.0
3,1,15.6,1,1,8,3,1,899.0
4,1,14.0,1,3,2,4,1,239.0
3,1,15.6,1,2,4,2,2,468.0
4,4,13.3,4,2,6,3,1,639.01
2,1,15.6,1,1,8,1,1,1820.0
4,3,14.0,1,1,16,4,1,1900.0
2,2,15.6,1,1,16,7,1,1479.0
3,1,15.6,1,2,4,1,1,829.0
3,1,15.6,1,5,4,3,1,579.0
4,1,15.6,2,4,8,3,1,399.0
4,1,15.6,1,2,8,3,1,906.62
2,3,13.3,4,2,8,1,1,1869.0
3,1,14.0,2,6,2,4,1,249.0
3,4,13.3,5,1,8,1,1,1757.42
2,1,15.6,4,1,16,6,1,2399.0
3,2,15.6,3,1,8,5,1,1109.0
1,1,17.3,2,4,8,3,1,520.9
3,3,14.0,3,1,16,4,1,2450.0
4,2,15.6,3,1,8,3,2,1169.0
5,1,15.6,2,5,4,2,1,450.0
3,1,14.0,2,6,4,4,1,274.0
5,3,14.0,3,2,8,1,1,919.0
1,2,14.0,1,1,16,1,1,2599.0
1,1,13.3,1,2,8,1,1,1213.0
3,3,12.5,3,1,8,1,1,1584.0
4,2,17.3,3,4,32,4,1,2799.0
5,2,15.6,1,2,8,3,3,709.0
2,3,13.3,1,2,8,1,1,1449.9
4,2,15.6,1,1,8,5,1,1191.8
1,1,15.6,2,5,4,2,2,364.9
1,1,15.6,3,2,8,2,1,1064.0
2,1,15.6,1,4,8,1,1,919.0
2,1,15.6,1,4,16,4,1,1135.0
3,2,15.6,3,1,8,5,1,1196.0
2,2,17.3,4,1,32,6,1,3147.37
2,1,14.0,1,4,8,1,1,1229.0
3,1,15.6,2,4,4,2,1,419.0
3,1,15.6,1,2,4,2,1,535.0
1,1,15.6,2,5,6,3,1,539.0
4,2,17.3,1,1,8,5,1,1486.77
1,1,15.6,2,3,4,2,1,498.0
2,1,15.6,1,2,8,3,1,955.0
1,1,15.6,1,1,8,3,1,745.0
1,1,15.6,3,2,8,1,1,1258.0
5,1,15.6,2,5,4,2,3,412.0
4,3,14.0,6,1,8,1,4,1867.85
3,1,15.6,1,2,8,5,1,817.95
3,4,13.3,5,2,8,1,1,1034.0
3,1,15.6,2,3,4,2,1,349.0
1,4,14.0,5,3,4,2,1,699.0
4,2,15.6,1,1,16,7,1,1294.0
4,3,14.0,1,2,8,1,1,1135.0
1,4,11.6,6,4,8,2,2,495.0
1,3,15.6,3,4,8,4,1,2299.0
5,2,15.6,1,2,16,1,1,1299.0
4,2,15.6,1,2,8,1,1,997.9
4,1,15.6,2,4,4,2,1,419.0
2,2,15.6,1,2,16,5,1,2051.0
1,1,17.3,3,5,4,1,1,699.0
3,4,13.3,5,4,8,4,1,1499.0
2,2,15.6,1,1,16,7,1,2813.75
1,1,15.6,2,2,4,2,1,612.61
2,1,15.6,2,5,4,3,1,545.67
1,1,17.3,3,3,6,6,1,569.0
3,1,15.6,2,3,4,2,1,318.0
5,1,14.0,2,3,4,4,2,375.0
3,1,14.0,1,2,4,1,1,699.0
1,5,17.3,1,1,8,2,1,1907.99
3,4,14.0,6,1,8,1,1,2590.0
1,1,13.3,3,2,8,1,1,973.0
5,1,11.6,2,4,4,4,1,269.0
3,4,14.0,4,1,16,4,1,1749.0
4,4,12.5,4,3,4,2,2,669.0
1,3,13.3,4,1,16,4,1,1877.0
1,1,15.6,3,1,4,2,1,689.0
2,2,15.6,1,2,8,3,1,819.0
3,1,15.6,1,3,4,1,1,399.0
3,1,15.6,2,1,8,3,1,429.0
3,1,15.6,1,2,4,4,1,621.45
3,1,15.6,2,5,4,2,2,450.0
2,1,15.6,1,2,8,1,1,795.0
5,4,13.3,5,2,8,1,1,999.0
3,5,15.6,1,1,16,4,4,1855.0
3,1,14.0,1,3,8,1,1,1191.0
1,1,17.3,3,3,6,6,1,655.01
3,2,15.6,3,1,8,5,1,1249.0
2,1,14.0,1,3,8,1,3,1089.0
2,1,15.6,1,2,8,3,3,726.0
4,1,14.0,1,4,4,4,1,298.0
2,1,15.6,1,6,16,4,1,1426.66
3,1,14.0,3,2,8,1,1,857.07
2,1,15.6,1,6,8,1,1,1179.0
3,1,15.6,2,3,4,2,1,298.0
4,1,14.0,1,3,4,3,1,265.0
1,1,17.3,1,1,8,1,1,1200.0
3,3,14.0,6,1,8,4,1,1686.64
1,4,13.3,6,2,8,1,1,836.6
3,3,14.0,3,2,8,1,1,1499.0
2,2,17.3,4,1,32,6,1,3659.4
4,2,17.3,1,1,8,5,1,1348.48
3,1,15.6,2,2,4,3,2,489.9
2,1,15.6,1,2,8,5,1,719.0
2,4,13.3,4,3,4,3,1,649.0
2,1,15.6,2,2,8,3,3,589.52
1,1,15.6,1,4,4,3,1,489.0
5,2,17.3,3,1,16,5,1,1935.0
2,1,15.6,2,2,12,3,1,649.0
1,1,15.6,1,3,6,5,1,650.0
5,1,15.6,2,2,4,2,1,559.0
3,1,13.3,3,2,8,1,1,960.0
3,1,15.6,1,1,4,3,1,779.0
1,5,15.6,1,1,16,1,1,2419.0
2,4,13.3,4,2,8,3,1,659.0
4,2,15.6,1,1,16,7,1,2094.48
5,1,15.6,2,5,4,2,1,410.8
2,1,15.6,1,1,8,5,1,1207.0
2,1,15.6,2,5,8,1,1,665.0
1,1,14.0,5,2,8,1,1,1535.0
3,4,14.0,4,2,8,1,1,999.0
3,5,15.6,4,1,16,6,1,3299.0
5,1,14.0,2,6,2,4,2,330.0
1,3,13.3,1,1,16,1,1,1649.0
1,1,15.6,1,5,8,1,1,539.0
2,1,14.0,2,2,8,1,1,1126.71
1,5,17.3,3,3,16,1,4,4389.0
3,1,11.6,6,6,4,2,1,475.0
1,1,15.6,1,4,8,1,1,1900.0
4,1,15.6,2,3,4,3,2,579.0
3,3,14.0,1,2,4,6,1,1096.0
4,1,15.6,2,1,4,1,1,849.9
3,4,13.3,6,3,8,1,1,1199.0
1,1,15.6,3,2,8,5,1,1099.0
1,5,15.6,1,1,8,1,4,1561.0
2,2,15.6,4,1,16,7,1,2868.99
5,1,15.6,2,2,4,1,1,599.0
3,2,15.6,3,1,8,5,1,1048.0
2,3,12.5,1,1,16,1,1,1859.0
1,3,11.6,5,3,8,1,2,1559.0
4,3,13.3,5,2,8,1,1,1129.0
2,1,13.3,2,5,4,2,1,849.0
5,1,13.3,2,2,4,2,1,655.0
4,1,17.3,2,4,4,3,1,470.34
2,2,15.6,5,1,16,5,1,1099.0
1,3,13.3,4,1,8,1,1,1599.0
5,1,15.6,2,4,4,3,3,298.0
2,1,15.6,1,1,16,1,1,1181.27
1,4,14.0,4,1,16,1,1,1799.0
1,1,14.0,3,2,4,2,1,1020.0
2,2,15.6,1,1,8,3,1,1099.0
1,3,12.5,2,2,4,1,1,1244.0
4,4,15.6,4,1,12,6,1,839.0
3,1,15.6,4,1,16,4,4,2370.0
5,1,14.0,3,3,4,2,1,636.0
1,2,14.0,1,1,16,4,1,2899.0
4,1,15.6,2,3,8,2,1,581.9
2,2,17.3,3,1,32,6,1,3588.8
4,2,17.3,3,1,16,7,1,2350.0
1,3,14.0,3,2,16,4,1,1764.0
3,1,15.6,2,3,8,3,2,329.0
3,3,14.0,1,1,16,4,1,2299.0
4,2,14.0,3,1,16,7,1,1891.0
4,2,15.6,1,2,8,5,1,1089.0
3,2,15.6,3,1,4,3,1,999.0
5,2,17.3,3,1,16,7,1,2299.0
2,2,15.6,1,2,8,1,1,985.0
4,2,15.6,1,1,8,5,1,1339.0
6,1,14.0,2,4,4,4,1,202.9
3,4,13.3,5,1,8,4,1,1970.0
3,4,15.6,4,2,8,1,1,959.0
6,3,12.5,6,3,8,6,5,1165.0
3,4,14.0,6,2,8,1,1,2330.0
4,1,14.0,2,4,4,4,1,299.0
2,1,15.6,2,2,8,2,1,810.0
3,4,11.6,5,1,8,1,1,1349.0
2,1,15.6,1,5,8,1,1,739.0
1,5,15.6,1,1,8,1,1,2064.9
4,1,15.6,1,2,8,1,1,1099.0
2,3,13.3,1,2,8,1,1,1499.0
2,1,15.6,4,2,8,1,1,1749.0
2,1,11.6,2,4,4,2,1,744.0
1,1,12.5,2,6,8,1,1,1389.0
1,1,15.6,2,2,4,2,1,780.0
1,1,15.6,2,3,8,6,1,629.0
2,2,15.6,4,1,16,4,1,1679.0
3,1,15.6,1,2,4,3,1,609.0
1,2,17.3,3,1,12,3,1,1749.0
4,2,17.3,1,1,16,6,1,2415.0
1,3,13.3,1,2,8,1,1,1499.0
2,1,15.6,1,1,8,3,1,961.0
2,1,15.6,1,2,8,1,1,789.81
3,3,14.0,1,1,8,1,1,1859.0
1,3,12.5,4,3,16,4,1,1799.0
1,1,11.6,2,6,4,6,2,385.0
2,2,17.3,3,1,16,5,1,2505.02
2,1,14.0,2,2,4,2,1,755.0
3,1,15.6,2,5,4,2,1,489.9
1,3,14.0,2,2,4,2,1,1090.0
3,3,14.0,3,1,8,4,1,2499.0
4,2,15.6,1,2,8,1,1,1199.0
3,3,14.0,3,2,8,6,1,1875.0
1,1,14.0,2,3,4,2,1,499.0
4,4,13.3,1,2,8,1,1,1358.0
2,1,14.0,2,5,4,2,1,585.0
5,1,11.6,3,6,4,4,2,355.0
5,1,14.0,3,3,8,2,1,619.0
1,2,17.3,4,1,32,4,1,5499.0
3,3,14.0,6,2,16,4,1,2099.0
4,1,15.6,1,2,4,3,3,519.0
3,1,14.0,1,2,8,1,1,1186.0
3,1,14.0,3,6,8,1,1,1650.0
2,2,15.6,1,1,16,7,1,2774.63
4,2,17.3,1,1,16,7,1,2419.0
1,1,15.6,2,3,4,2,1,669.0
3,1,14.0,2,3,4,6,2,325.0
4,1,15.6,1,2,8,6,1,590.0
4,2,17.3,1,1,16,6,1,1799.0
2,2,17.3,3,1,32,6,1,3072.89
1,1,17.3,2,2,8,3,1,910.0
2,1,15.6,2,2,8,2,1,713.99
1,3,14.0,1,1,8,4,4,1870.0
2,1,15.6,1,1,4,1,1,739.0
1,4,11.6,6,4,4,4,2,615.0
4,3,13.3,3,2,8,4,1,1026.0
1,4,13.3,4,2,8,1,1,2277.0
1,3,14.0,1,1,8,4,1,1468.0
1,1,15.6,2,6,4,2,2,299.0
4,2,15.6,1,1,16,5,1,1899.0
2,1,17.3,1,1,8,3,3,865.0
3,3,14.0,3,1,8,1,1,1903.0
4,1,15.6,3,1,8,1,1,787.0
2,1,15.6,1,2,8,2,1,945.0
4,1,15.6,2,4,4,3,1,449.0
1,4,13.3,4,1,8,1,1,2559.0
2,1,13.3,4,2,8,3,1,649.0
3,1,15.6,1,6,4,3,2,469.0
3,1,15.6,3,2,8,3,1,850.66
1,1,15.6,1,6,8,1,1,1349.0
1,1,13.3,1,2,4,2,1,1285.0
3,2,15.6,3,2,8,3,2,1017.0
2,3,13.3,4,3,16,4,1,2240.0
1,1,15.6,1,2,4,2,1,910.0
1,3,13.3,2,2,8,1,1,1095.0
3,4,13.3,5,1,8,1,1,1950.0
5,1,14.0,3,2,8,1,1,902.0
2,5,15.6,1,1,8,3,1,1778.0
3,1,15.6,2,2,4,2,1,1055.0
3,1,15.6,1,5,4,3,2,479.0
1,1,15.6,3,1,8,1,1,1388.0
3,1,13.3,3,3,4,6,1,735.0
1,3,14.0,1,1,16,1,1,1849.0
2,3,12.5,1,1,8,1,1,1690.0
4,1,15.6,2,4,4,3,3,398.99
1,3,13.3,3,2,8,1,1,935.0
2,1,15.6,1,2,4,5,1,912.5
1,1,15.6,1,2,4,1,1,839.0
1,4,13.3,4,2,4,1,1,1700.0
1,4,15.6,6,2,4,2,1,684.8
4,1,14.0,2,4,4,4,1,348.0
3,1,15.6,3,1,8,3,1,669.0
2,1,15.6,2,4,4,2,1,369.0
1,4,13.3,4,2,4,1,1,1799.0
2,1,15.6,2,6,4,3,3,455.7
4,2,17.3,1,2,12,5,1,1369.9
5,1,11.6,3,6,4,4,2,297.0
3,1,17.3,2,3,4,2,1,379.0
1,1,14.0,1,2,4,2,1,1265.0
1,4,13.3,4,1,16,1,1,1399.0
1,3,14.0,1,1,8,1,1,1699.0
3,3,14.0,3,2,8,1,1,1799.0
4,2,17.3,4,1,16,6,1,2649.0
1,1,13.3,1,2,8,1,1,1475.0
2,2,15.6,1,1,8,3,3,929.0
1,1,15.6,1,1,8,3,1,900.0
2,1,15.6,2,6,4,3,1,614.0
2,1,15.6,1,6,8,2,1,935.0
2,4,13.3,4,3,8,4,1,2013.1
4,2,17.3,3,4,32,4,1,1279.0
2,4,13.3,4,3,16,1,1,1649.0
3,3,14.0,3,1,8,6,1,2049.0
3,1,15.6,3,2,8,4,1,1962.99
1,3,15.6,5,1,16,4,1,2099.0
1,1,12.5,1,1,8,4,1,1483.0
5,1,15.6,3,3,4,6,2,359.0
3,1,15.6,3,3,8,5,1,789.0
1,3,14.0,5,1,8,4,1,1899.0
2,1,14.0,1,3,8,1,1,1205.0
1,3,12.5,4,3,8,6,1,3100.0
3,1,15.6,1,1,6,1,1,789.0
1,1,15.6,1,1,8,1,1,1018.99
5,1,15.6,1,3,4,3,1,499.0
3,1,13.3,1,2,4,2,1,881.0
1,1,13.3,1,2,8,1,1,960.0
4,2,17.3,1,1,16,7,1,1599.0
2,2,15.6,1,1,16,5,1,1349.0
4,2,15.6,1,2,8,5,1,1119.91
2,1,15.6,2,2,4,3,1,684.99
1,3,15.6,1,1,8,1,1,1296.99
1,3,13.3,4,1,8,1,1,1149.0
1,1,15.6,3,2,16,1,1,1975.0
3,4,13.3,5,2,8,4,1,1825.0
2,1,15.6,2,2,4,2,1,729.9
3,3,12.5,3,1,8,1,1,1650.0
1,1,15.6,1,2,8,1,1,1165.0
2,1,15.6,2,2,4,3,1,708.06
1,1,14.0,2,2,4,2,1,1149.0
3,1,15.6,2,4,4,3,1,309.0
1,3,12.5,1,2,4,2,1,1579.0
1,1,15.6,2,6,4,3,2,288.9
3,4,13.3,6,3,16,6,1,1799.0
1,1,14.0,3,2,4,2,1,1105.0
1,1,12.5,1,2,8,1,1,1669.0
2,1,15.6,2,6,4,3,1,558.6
4,2,15.6,1,1,8,5,1,1199.0
2,3,14.0,1,2,8,1,1,1639.0
2,2,17.3,2,4,16,6,1,2758.0
1,2,17.3,3,3,8,5,1,1399.0
4,1,17.3,2,4,4,3,1,530.0
5,1,15.6,2,2,4,2,1,619.0
1,1,15.6,2,2,8,1,1,1119.0
3,4,11.6,5,3,8,1,1,1299.0
3,2,15.6,3,3,16,6,1,999.0
2,3,12.5,4,2,8,1,1,1472.2
3,1,15.6,1,1,8,3,2,685.0
2,1,17.3,2,6,4,3,1,659.0
5,1,14.0,2,6,4,4,2,349.0
1,5,15.6,3,1,8,3,1,2249.0
2,3,14.0,1,1,8,1,1,1775.0
1,1,13.3,1,2,8,1,4,1460.0
4,4,12.5,1,3,8,2,2,1159.0
3,3,14.0,3,2,8,1,1,1488.99
2,2,17.3,4,1,16,6,1,3154.0
2,4,13.3,4,3,8,1,1,1899.0
1,4,11.6,6,4,4,1,1,775.0
2,3,13.3,5,1,8,1,1,1268.0
5,4,11.6,6,6,4,4,2,389.0
1,1,13.3,1,4,8,1,1,1535.0
3,3,12.5,3,6,8,1,1,1760.0
5,1,15.6,1,2,12,5,1,1009.0
1,3,12.5,4,1,8,4,1,1790.0
1,1,15.6,2,3,8,3,1,846.5
2,1,15.6,2,6,4,3,3,465.62
2,1,15.6,2,2,4,2,1,825.0
1,1,15.6,1,3,4,2,1,685.0
2,2,17.3,3,1,32,7,1,3149.0
3,1,15.6,1,2,6,1,1,695.0
2,4,13.3,4,3,16,4,1,1899.0
2,3,14.0,6,2,8,1,1,1962.98
2,2,17.3,1,1,32,7,1,2800.0
1,1,14.0,1,2,8,1,1,1180.0
4,2,17.3,1,1,16,7,1,2049.9
1,1,15.6,3,3,8,5,1,979.0
3,1,14.0,2,2,4,3,4,1002.0
4,4,15.6,4,1,16,6,1,1799.0
1,1,15.6,2,1,6,3,1,579.0
4,2,17.3,1,1,16,7,1,1749.0
2,4,15.6,5,1,12,4,1,1299.0
1,1,13.3,1,2,4,2,4,1195.0
3,1,15.6,1,1,6,1,1,549.0
1,1,15.6,2,2,4,1,1,649.0
1,1,14.0,2,2,4,2,1,915.0
2,1,15.6,2,2,4,2,1,599.0
1,1,15.6,1,2,8,3,1,806.0
3,2,15.6,3,1,8,5,1,1189.0
2,1,15.6,2,1,8,3,1,749.0
2,1,14.0,1,2,8,2,1,1119.0
1,1,12.5,1,3,8,4,1,1908.0
1,1,15.6,1,5,4,5,1,499.0
3,1,15.6,2,4,4,2,2,270.62
3,1,15.6,1,2,8,1,1,1349.0
2,4,13.3,4,2,8,1,1,889.0
4,1,13.3,5,2,8,1,1,1150.0
1,3,13.3,5,1,8,1,1,1349.0
5,1,15.6,2,4,4,2,1,380.0
4,2,15.6,1,1,16,7,1,1799.0
1,3,14.0,1,1,8,4,1,2089.0
5,2,15.6,3,1,8,5,1,1260.0
1,1,13.3,3,2,8,1,1,1189.0
2,1,15.6,2,3,4,2,1,547.0
1,1,14.0,2,2,4,2,1,779.0
1,1,13.3,1,2,4,2,1,1195.0
1,1,14.0,2,4,4,1,1,1099.99
1,1,14.0,1,2,4,1,1,1205.0
1,3,14.0,1,2,8,1,4,1449.0
1,1,14.0,1,2,8,1,1,1049.26
1,1,14.0,2,3,4,2,1,684.0
2,2,15.6,1,2,8,6,1,949.0
1,3,12.5,1,2,4,2,1,1539.0
1,1,14.0,1,2,4,1,1,1590.0
1,3,14.0,1,1,8,1,1,1887.21
1,1,13.3,2,3,4,2,1,800.0
1,1,13.3,2,2,8,1,1,1210.0
1,1,15.6,2,3,4,1,1,769.99
3,1,17.3,4,1,16,4,4,2968.0
1,1,14.0,3,2,8,1,1,1490.0
1,1,14.0,1,1,8,1,1,2229.0
2,4,15.6,5,4,4,3,1,795.99
1,3,13.3,1,2,8,1,1,1590.0
1,1,13.3,3,2,8,1,1,1149.0
1,1,14.0,1,1,8,1,1,1185.43
2,1,15.6,1,4,8,2,1,1046.44
1,3,12.5,2,2,4,1,1,1559.0
1,1,14.0,2,2,4,2,1,1189.0
1,1,14.0,2,2,4,2,1,1060.0
2,3,13.3,4,2,8,1,1,1624.0
1,1,17.3,1,2,8,1,1,1080.0
1,1,14.0,2,2,4,1,1,973.0
5,1,15.6,2,4,6,3,1,409.0
4,2,17.3,1,1,8,5,1,1191.8
1,1,14.0,1,2,8,1,4,1195.0
1,1,15.6,1,1,8,1,1,1228.99
1,3,12.5,1,1,8,1,1,1349.0
1,1,15.6,2,2,4,2,1,742.0
1,3,14.0,3,2,8,1,1,1725.0
2,1,15.6,1,4,8,1,4,1062.95
1,1,14.0,1,2,8,1,1,1010.51
3,4,15.6,5,1,4,1,1,847.0
6,1,14.0,2,3,2,4,1,210.8
1,1,15.6,3,1,16,1,1,1425.0
3,1,15.6,1,2,8,1,1,1049.6
1,1,14.0,1,2,4,2,1,1000.0
1,1,15.6,1,4,8,6,1,2103.34
1,1,14.0,1,2,8,1,4,1469.0
4,2,17.3,3,4,16,7,1,1545.64
3,2,17.3,3,1,16,5,1,2289.99
4,1,11.6,2,6,4,6,2,287.9
3,1,14.0,2,2,16,1,4,2620.0
1,1,15.6,3,1,8,3,1,979.0
2,4,15.6,5,3,8,1,1,1094.0
1,1,15.6,2,2,4,1,1,979.0
2,3,13.3,4,1,16,6,1,2254.0
1,1,15.6,2,4,4,2,1,705.15
1,1,15.6,2,2,4,2,2,499.0
5,1,15.6,2,3,8,3,1,449.0
2,4,13.3,5,1,12,1,1,1299.0
4,2,15.6,1,1,16,7,1,1819.0
1,1,15.6,1,1,8,1,1,1070.0
4,2,17.3,3,1,16,3,2,998.0
2,1,15.6,1,2,4,3,1,559.0
2,1,15.6,1,1,16,6,1,989.99
4,2,15.6,1,1,16,7,1,1929.0
2,3,13.3,1,1,8,1,1,1458.0
4,2,17.3,3,4,64,6,1,3975.0
2,4,13.3,4,1,8,1,1,798.01
2,2,15.6,4,1,16,7,1,1329.0
6,3,12.5,6,3,8,6,5,1300.0
2,1,15.6,2,4,4,2,1,481.98
1,1,15.6,2,2,4,2,1,1199.0
1,3,12.5,1,2,8,1,4,1199.0
1,1,13.3,1,1,8,1,1,1090.0
3,3,12.5,5,1,8,1,1,1713.49
3,1,17.3,2,2,8,6,1,659.0
3,1,15.6,3,3,4,3,1,977.0
4,2,17.3,1,1,16,7,1,2499.0
3,1,15.6,2,2,4,2,1,540.0
1,1,15.6,1,2,4,2,4,940.0
3,3,12.5,6,3,8,4,1,1399.0
3,2,17.3,3,4,32,3,1,3240.0
3,4,11.6,6,3,4,2,1,646.27
1,3,13.3,4,1,16,4,1,2049.0
2,1,15.6,1,2,8,1,1,750.0
1,1,14.0,1,2,4,2,4,1030.99
1,5,15.6,1,1,8,1,4,1495.0
3,1,14.0,1,2,8,6,4,1199.0
1,1,13.3,5,3,4,4,2,615.0
5,1,15.6,2,3,4,2,1,387.0
2,1,15.6,2,3,4,2,3,393.49
1,1,15.6,2,5,4,3,2,345.99
4,2,17.3,3,1,8,7,1,1599.0
2,3,13.3,3,2,4,1,1,818.35
1,1,12.5,2,2,4,2,4,1599.0
5,1,15.6,1,2,8,7,1,799.0
2,1,15.6,1,2,8,3,1,638.8
4,2,17.3,1,1,8,1,1,1599.0
1,1,15.6,2,4,4,3,1,500.0
4,2,17.3,3,1,16,5,1,2299.0
2,3,12.5,2,4,4,2,4,1135.15
2,3,12.5,2,4,4,2,4,1166.97
5,1,15.6,2,3,4,2,2,209.0
1,5,17.3,3,1,8,3,4,2899.0
3,2,15.6,1,1,16,4,1,1199.0
2,3,12.5,2,2,8,1,4,1413.1
4,2,17.3,1,1,8,5,1,1511.19
3,4,15.6,5,2,4,1,1,867.0
1,1,15.6,1,4,4,3,1,398.0
4,2,15.6,3,1,16,5,1,1339.0
1,1,13.3,4,3,8,1,1,1699.0
2,1,15.6,2,2,4,2,4,769.15
3,1,15.6,2,6,4,2,1,429.0
1,3,13.3,1,1,8,4,1,1969.0
3,4,11.6,6,3,4,2,2,549.0
2,3,13.3,1,3,8,1,1,1379.0
3,2,17.3,3,4,16,6,1,2749.99
1,3,12.5,1,1,8,1,1,1029.0
1,3,13.3,1,1,16,4,1,2226.0
4,2,17.3,1,1,8,5,1,1312.49
6,1,13.3,1,3,4,4,1,196.0
1,1,13.3,1,2,8,1,1,1690.0
1,1,14.0,1,2,8,1,4,1513.0
2,1,15.6,2,2,4,2,3,523.63
4,1,15.6,2,3,4,3,1,435.0
3,4,14.0,5,1,8,1,1,1669.0
3,4,11.6,6,3,4,2,1,479.0
1,3,12.5,2,4,8,1,4,1895.0
3,2,15.6,3,2,8,5,2,989.0
1,2,17.3,3,3,8,5,1,1129.0
1,1,15.6,2,1,8,6,1,629.0
3,4,14.0,5,2,8,4,4,2050.38
4,1,14.0,2,4,4,4,1,278.0
1,3,15.6,1,1,8,1,1,752.0
5,1,15.6,1,2,4,3,1,616.0
3,1,15.6,1,1,16,6,1,1099.0
1,5,17.3,3,1,8,1,4,3949.4
2,1,15.6,2,2,8,3,1,784.0
4,2,17.3,1,1,16,7,1,2399.0
1,3,15.6,1,1,8,1,4,2171.72
3,4,14.0,6,2,16,4,1,2440.0
4,2,15.6,1,1,8,5,1,1142.8
1,4,13.3,4,4,8,1,1,1629.0
1,5,15.6,3,1,8,1,4,2229.0
1,4,13.3,6,2,8,1,1,1799.0
1,5,15.6,1,1,8,1,4,1899.0
1,3,12.5,1,3,8,1,4,2296.95
2,1,15.6,1,1,8,1,1,1009.9
1,1,15.6,1,2,8,1,4,1579.0
3,4,14.0,6,1,8,1,1,2339.0
3,1,15.6,2,6,4,3,2,339.0
1,1,15.6,2,3,4,2,1,297.0
3,1,15.6,1,2,8,3,2,599.0
2,2,15.6,1,1,8,3,1,1199.0
2,1,15.6,5,3,8,1,1,2250.68
1,1,15.6,1,3,4,1,1,478.89
4,2,17.3,1,1,16,7,1,1492.8
3,3,14.0,1,2,12,4,4,2299.0
3,1,15.6,1,2,8,6,1,788.49
1,4,13.3,6,2,8,4,1,2041.0
3,3,14.0,1,2,8,1,4,1499.0
4,2,14.0,1,1,16,7,1,1769.0
1,2,15.6,3,1,8,3,1,899.0
3,1,15.6,2,6,8,3,1,459.0
1,1,15.6,2,2,4,2,2,476.99
2,2,15.6,4,1,8,5,1,1498.0
3,1,15.6,3,2,8,1,1,1390.0
3,1,15.6,1,5,4,3,1,468.0
1,1,14.0,2,6,2,4,1,249.0
4,2,15.6,3,1,8,3,1,839.0
1,1,15.6,1,1,8,1,1,679.0
1,1,15.6,1,4,16,4,1,1159.0
4,1,15.6,2,4,4,2,1,369.0
3,1,15.6,2,2,4,2,2,398.0
3,1,15.6,1,1,8,3,2,709.0
4,1,14.0,1,3,4,1,1,769.0
3,1,15.6,1,1,4,6,4,825.0
3,2,15.6,3,1,16,4,1,1305.0
4,2,15.6,1,1,16,5,1,2153.37
1,1,15.6,2,4,4,2,1,650.0
3,4,14.0,6,2,8,1,1,1637.0
3,3,15.6,1,1,6,1,1,831.0
2,1,15.6,1,1,8,1,3,895.01
5,1,15.6,2,3,4,2,1,333.0
1,1,15.6,3,1,6,3,1,799.0
4,2,15.6,3,1,8,7,1,909.0
2,4,15.6,4,1,16,4,1,1179.0
5,1,15.6,1,2,4,1,1,691.0
2,3,13.3,4,4,8,1,3,1099.0
5,2,17.3,3,1,16,7,1,2599.0
3,2,15.6,3,2,8,3,1,819.0
1,4,11.6,1,3,4,4,2,659.0
1,1,15.6,2,2,4,2,1,485.0
6,3,12.5,6,3,8,6,5,1163.0
2,4,13.3,5,2,8,1,1,1199.0
1,1,15.6,3,1,12,5,1,1327.0
3,1,15.6,2,5,4,3,2,368.0
4,2,17.3,3,1,16,6,1,2150.0
5,1,15.6,2,3,4,3,3,272.0
4,2,17.3,1,1,16,7,1,2048.9
2,1,15.6,2,6,4,2,1,499.0
3,1,15.6,2,1,8,2,2,629.0
2,4,15.6,4,4,16,4,1,1285.0
2,3,13.3,4,1,16,4,1,2680.0
4,2,15.6,1,1,8,3,1,1169.0
2,1,15.6,1,2,8,1,1,889.0
1,1,15.6,2,2,8,1,1,579.0
3,1,15.6,2,3,4,2,1,299.0
5,1,17.3,2,6,8,3,1,629.0
4,2,15.6,1,1,16,7,1,2449.0
6,3,12.5,6,3,8,6,5,1279.0
4,1,15.6,1,1,16,5,1,1749.0
4,2,17.3,3,1,16,7,1,1948.99
2,4,15.6,5,2,8,1,1,999.0
4,2,17.3,1,1,16,7,1,1949.0
5,1,11.6,2,3,2,2,2,174.0
5,1,17.3,2,5,4,3,1,598.0
3,1,17.3,2,2,8,3,2,539.0
3,2,15.6,3,1,8,5,1,1272.0
5,4,14.0,5,3,8,1,1,1149.0
3,1,15.6,3,2,8,1,1,1529.0
4,2,15.6,1,1,8,5,1,1476.11
1,1,15.6,1,3,6,3,1,529.0
2,3,12.5,4,4,8,1,4,1713.37
2,4,14.0,4,3,4,2,1,509.0
4,1,15.6,2,4,4,3,1,309.0
2,3,13.3,4,1,8,1,1,1477.0
2,1,15.6,2,2,4,3,3,521.86
3,2,15.6,5,1,16,5,1,1029.0
4,2,15.6,1,1,8,5,1,1149.0
3,1,12.5,5,3,16,4,1,1650.0
1,2,14.0,1,1,16,6,1,3499.0
2,1,15.6,6,3,8,3,1,469.01
4,2,17.3,1,1,16,7,1,1598.0
6,3,11.6,2,3,4,6,5,959.0
1,1,15.6,1,5,4,3,1,478.0
1,3,14.0,2,1,8,1,4,2198.19
2,1,15.6,2,2,4,2,4,737.0
4,2,15.6,1,1,8,5,1,1169.0
3,1,13.3,3,1,16,4,1,1499.0
3,1,15.6,1,1,6,1,1,597.57
4,3,13.3,1,1,8,1,1,1280.0
5,1,15.6,2,6,4,2,3,361.8
2,4,17.3,4,1,16,4,1,1799.0
1,1,14.0,1,2,4,1,4,1099.99
4,2,15.6,3,1,16,7,1,1600.0
2,1,14.0,2,2,4,2,1,875.0
4,2,15.6,3,1,16,7,1,2325.0
3,1,15.6,3,2,8,1,2,573.0
2,4,13.3,4,3,8,1,1,1813.0
2,1,15.6,2,4,4,2,3,324.0
1,1,15.6,2,4,4,2,1,399.0
3,1,15.6,1,4,6,2,1,569.0
3,1,14.0,3,2,8,1,1,1072.0
2,1,15.6,2,3,4,2,1,443.99
4,1,15.6,2,4,4,3,1,339.0
4,2,17.3,3,1,16,5,1,1900.0
2,1,15.6,2,5,4,2,1,490.0
3,1,15.6,1,1,8,6,4,895.0
4,2,15.6,1,1,8,5,1,1229.0
3,4,14.0,4,2,4,2,1,833.01
4,3,13.3,3,3,8,4,1,729.0
2,1,15.6,2,3,6,3,1,459.0
5,1,15.6,2,6,4,2,3,289.0
2,1,15.6,2,4,2,2,1,379.0
3,1,15.6,3,1,8,3,1,899.0
1,1,15.6,1,3,6,6,1,549.99
2,1,15.6,2,1,8,3,3,805.99
1,1,11.6,2,6,2,4,1,209.0
4,1,15.6,2,1,4,2,1,720.32
3,4,14.0,5,1,4,2,1,638.0
3,4,13.3,6,1,16,4,1,1499.0
3,1,14.0,2,4,2,2,1,229.0
1,1,15.6,2,1,6,3,1,764.0
4,1,15.6,2,4,4,2,1,369.0
4,3,13.3,3,3,8,4,1,729.0
2,1,15.6,2,3,6,3,1,459.0
5,1,15.6,2,6,4,2,3,289.0
2,1,15.6,2,4,2,2,1,379.0
3,1,15.6,3,1,8,3,1,899.0
1,1,15.6,1,3,6,6,1,549.99
2,1,15.6,2,1,8,3,3,805.99
1,1,11.6,2,6,2,4,1,209.0
4,1,15.6,2,1,4,2,1,720.32
3,4,14.0,5,1,4,2,1,638.0
3,4,13.3,6,1,16,4,1,1499.0
3,1,14.0,2,4,2,2,1,229.0
1,1,15.6,2,1,6,3,1,764.0
4,1,15.6,2,4,4,2,1,369.0
4,3,13.3,3,3,8,4,1,729.0
2,1,15.6,2,3,6,3,1,459.0
5,1,15.6,2,6,4,2,3,289.0
2,1,15.6,2,4,2,2,1,379.0
3,1,15.6,3,1,8,3,1,899.0
1,1,15.6,1,3,6,6,1,549.99
2,1,15.6,2,1,8,3,3,805.99
1,1,11.6,2,6,2,4,1,209.0
4,1,15.6,2,1,4,2,1,720.32
3,4,14.0,5,1,4,2,1,638.0
3,4,13.3,6,1,16,4,1,1499.0
3,1,14.0,2,4,2,2,1,229.0
1,1,15.6,2,1,6,3,1,764.0
4,1,15.6,2,4,4,2,1,369.0
